-- MySQL dump 10.13  Distrib 8.0.36, for Linux (x86_64)
--
-- Host: localhost    Database: MyNFL
-- ------------------------------------------------------
-- Server version	8.0.37-0ubuntu0.23.10.2

/*!40101 SET @OLD_CHARACTER_SET_CLIENT=@@CHARACTER_SET_CLIENT */;
/*!40101 SET @OLD_CHARACTER_SET_RESULTS=@@CHARACTER_SET_RESULTS */;
/*!40101 SET @OLD_COLLATION_CONNECTION=@@COLLATION_CONNECTION */;
/*!50503 SET NAMES utf8 */;
/*!40103 SET @OLD_TIME_ZONE=@@TIME_ZONE */;
/*!40103 SET TIME_ZONE='+00:00' */;
/*!40014 SET @OLD_UNIQUE_CHECKS=@@UNIQUE_CHECKS, UNIQUE_CHECKS=0 */;
/*!40014 SET @OLD_FOREIGN_KEY_CHECKS=@@FOREIGN_KEY_CHECKS, FOREIGN_KEY_CHECKS=0 */;
/*!40101 SET @OLD_SQL_MODE=@@SQL_MODE, SQL_MODE='NO_AUTO_VALUE_ON_ZERO' */;
/*!40111 SET @OLD_SQL_NOTES=@@SQL_NOTES, SQL_NOTES=0 */;

--
-- Table structure for table `CombineScore`
--

DROP TABLE IF EXISTS `CombineScore`;
/*!40101 SET @saved_cs_client     = @@character_set_client */;
/*!50503 SET character_set_client = utf8mb4 */;
CREATE TABLE `CombineScore` (
  `id` int NOT NULL AUTO_INCREMENT,
  `fortyTime` float DEFAULT NULL,
  `tenYardSplit` float DEFAULT NULL,
  `twentyYardShuttle` float DEFAULT NULL,
  `threeCone` float DEFAULT NULL,
  `verticalLeap` float DEFAULT NULL,
  `playerId` int DEFAULT NULL,
  `broadJump` float(5,2) DEFAULT NULL,
  PRIMARY KEY (`id`),
  KEY `fk_Combine_Score_1_idx` (`playerId`),
  CONSTRAINT `fk_Combine_Score_1` FOREIGN KEY (`playerId`) REFERENCES `Player` (`id`)
) ENGINE=InnoDB AUTO_INCREMENT=3 DEFAULT CHARSET=utf8mb4 COLLATE=utf8mb4_0900_ai_ci;
/*!40101 SET character_set_client = @saved_cs_client */;

--
-- Dumping data for table `CombineScore`
--

LOCK TABLES `CombineScore` WRITE;
/*!40000 ALTER TABLE `CombineScore` DISABLE KEYS */;
/*!40000 ALTER TABLE `CombineScore` ENABLE KEYS */;
UNLOCK TABLES;

--
-- Table structure for table `DraftPick`
--

DROP TABLE IF EXISTS `DraftPick`;
/*!40101 SET @saved_cs_client     = @@character_set_client */;
/*!50503 SET character_set_client = utf8mb4 */;
CREATE TABLE `DraftPick` (
  `id` int NOT NULL AUTO_INCREMENT,
  `round` int NOT NULL,
  `pickNumber` int NOT NULL,
  `draftYear` int NOT NULL,
  `currentTeamId` int NOT NULL,
  `prospectId` int DEFAULT NULL,
  `playerId` int DEFAULT NULL,
  `used` tinyint(1) NOT NULL DEFAULT '0',
  `createdAt` timestamp NULL DEFAULT CURRENT_TIMESTAMP,
  `updatedAt` timestamp NULL DEFAULT CURRENT_TIMESTAMP ON UPDATE CURRENT_TIMESTAMP,
  `originalTeam` int DEFAULT NULL,
  PRIMARY KEY (`id`),
  UNIQUE KEY `unique_draft_pick` (`draftYear`,`round`,`pickNumber`),
  KEY `idx_draftpick_currentteam` (`currentTeamId`,`draftYear`),
  KEY `idx_draftpick_originalteam` (`draftYear`),
  KEY `idx_draftpick_used` (`used`),
  KEY `fk_DraftPick_Prospect_idx` (`prospectId`),
  KEY `fk_DraftPick_Player_idx` (`playerId`),
  CONSTRAINT `fk_DraftPick_CurrentTeam` FOREIGN KEY (`currentTeamId`) REFERENCES `Team` (`id`) ON DELETE RESTRICT ON UPDATE CASCADE,
  CONSTRAINT `fk_DraftPick_Player` FOREIGN KEY (`playerId`) REFERENCES `Player` (`id`) ON DELETE SET NULL ON UPDATE CASCADE,
  CONSTRAINT `fk_DraftPick_Prospect` FOREIGN KEY (`prospectId`) REFERENCES `Prospect` (`id`) ON DELETE SET NULL ON UPDATE CASCADE
) ENGINE=InnoDB AUTO_INCREMENT=18 DEFAULT CHARSET=utf8mb4 COLLATE=utf8mb4_0900_ai_ci;
/*!40101 SET character_set_client = @saved_cs_client */;

--
-- Dumping data for table `DraftPick`
--

LOCK TABLES `DraftPick` WRITE;
/*!40000 ALTER TABLE `DraftPick` DISABLE KEYS */;
INSERT INTO `DraftPick` VALUES (1,1,1,2025,89,NULL,NULL,1,'2025-04-25 00:59:11','2025-04-25 00:59:11',NULL),(3,1,2,2025,76,NULL,NULL,1,'2025-04-25 01:30:48','2025-04-25 01:30:48',69),(4,1,9,2025,92,NULL,45,1,'2025-05-06 09:08:46','2025-05-06 09:08:46',92);
/*!40000 ALTER TABLE `DraftPick` ENABLE KEYS */;
UNLOCK TABLES;

--
-- Table structure for table `Game`
--

DROP TABLE IF EXISTS `Game`;
/*!40101 SET @saved_cs_client     = @@character_set_client */;
/*!50503 SET character_set_client = utf8mb4 */;
CREATE TABLE `Game` (
  `id` int NOT NULL AUTO_INCREMENT,
  `seasonYear` varchar(4) NOT NULL,
  `gameWeek` tinyint DEFAULT NULL,
  `preseason` tinyint DEFAULT NULL,
  `gameDate` datetime DEFAULT NULL,
  `homeTeamId` int NOT NULL,
  `awayTeamId` int NOT NULL,
  `gameLocation` varchar(255) DEFAULT NULL,
  `gameCity` varchar(100) DEFAULT NULL,
  `gameStateProvince` varchar(100) DEFAULT NULL,
  `gameCountry` varchar(50) NOT NULL DEFAULT 'USA',
  `homeScore` int DEFAULT '0',
  `awayScore` int DEFAULT '0',
  `gameStatus` enum('scheduled','in_progress','completed','postponed','canceled') NOT NULL DEFAULT 'scheduled',
  `createdAt` timestamp NULL DEFAULT CURRENT_TIMESTAMP,
  `updatedAt` timestamp NULL DEFAULT CURRENT_TIMESTAMP,
  PRIMARY KEY (`id`),
  UNIQUE KEY `unique_game` (`seasonYear`,`gameDate`,`homeTeamId`,`awayTeamId`),
  KEY `homeTeamId` (`homeTeamId`),
  KEY `awayTeamId` (`awayTeamId`),
  CONSTRAINT `Game_ibfk_1` FOREIGN KEY (`homeTeamId`) REFERENCES `Team` (`id`) ON DELETE CASCADE,
  CONSTRAINT `Game_ibfk_2` FOREIGN KEY (`awayTeamId`) REFERENCES `Team` (`id`) ON DELETE CASCADE
) ENGINE=InnoDB AUTO_INCREMENT=322 DEFAULT CHARSET=utf8mb4 COLLATE=utf8mb4_0900_ai_ci;
/*!40101 SET character_set_client = @saved_cs_client */;

--
-- Dumping data for table `Game`
--

LOCK TABLES `Game` WRITE;
/*!40000 ALTER TABLE `Game` DISABLE KEYS */;
INSERT INTO `Game` VALUES (1,'2025',1,1,'2025-08-01 00:00:00',71,96,'Tom Benson Hall of Fame Stadium','Canton','OH','USA',7,34,'scheduled','2025-09-01 23:23:00','2025-09-01 23:26:17'),(2,'2025',2,1,'2025-08-07 23:00:00',63,75,'M&T Bank Stadium','Baltimore','MD','USA',24,16,'scheduled','2025-09-01 23:23:00','2025-09-01 23:26:17'),(3,'2025',2,1,'2025-08-07 23:30:00',84,68,'Lincoln Financial Field','Philadelphia','PA','USA',34,27,'scheduled','2025-09-01 23:23:00','2025-09-01 23:26:17'),(4,'2025',2,1,'2025-08-08 02:00:00',87,79,'Lumen Field','Seattle','WA','USA',23,23,'scheduled','2025-09-01 23:23:00','2025-09-01 23:26:17'),(5,'2025',2,1,'2025-08-08 23:00:00',62,71,'Mercedes-Benz Stadium','Atlanta','GA','USA',10,17,'scheduled','2025-09-01 23:23:00','2025-09-01 23:26:17'),(6,'2025',2,1,'2025-08-08 23:00:00',66,69,'Bank of America Stadium','Charlotte','NC','USA',10,30,'scheduled','2025-09-01 23:23:00','2025-09-01 23:26:17'),(7,'2025',2,1,'2025-08-08 23:30:00',95,90,'Gillette Stadium','Foxborough','MA','USA',48,18,'scheduled','2025-09-01 23:23:00','2025-09-01 23:26:17'),(8,'2025',2,1,'2025-08-09 17:00:00',65,82,'Highmark Stadium','Orchard Park','NY','USA',25,34,'scheduled','2025-09-01 23:23:00','2025-09-01 23:26:17'),(9,'2025',2,1,'2025-08-09 20:00:00',80,93,'U.S. Bank Stadium','Minneapolis','MN','USA',20,10,'scheduled','2025-09-01 23:23:00','2025-09-01 23:26:17'),(10,'2025',2,1,'2025-08-09 23:00:00',77,70,'SoFi Stadium','Inglewood','CA','USA',31,21,'scheduled','2025-09-01 23:23:00','2025-09-01 23:26:17'),(11,'2025',2,1,'2025-08-09 23:00:00',76,85,'EverBank Stadium','Jacksonville','FL','USA',25,31,'scheduled','2025-09-01 23:23:00','2025-09-01 23:26:17'),(12,'2025',2,1,'2025-08-09 23:30:00',88,89,'Raymond James Stadium','Tampa','FL','USA',29,7,'scheduled','2025-09-01 23:23:00','2025-09-01 23:26:17'),(13,'2025',2,1,'2025-08-10 00:00:00',73,83,'Lambeau Field','Green Bay','WI','USA',10,30,'scheduled','2025-09-01 23:23:00','2025-09-01 23:26:17'),(14,'2025',2,1,'2025-08-10 00:00:00',61,78,'State Farm Stadium','Glendale','AZ','USA',20,17,'scheduled','2025-09-01 23:23:00','2025-09-01 23:26:17'),(15,'2025',2,1,'2025-08-10 00:30:00',86,72,'Levi\'s Stadium','Santa Clara','CA','USA',9,30,'scheduled','2025-09-01 23:23:00','2025-09-01 23:26:17'),(16,'2025',2,1,'2025-08-10 17:00:00',67,94,'Soldier Field','Chicago','IL','USA',24,24,'scheduled','2025-09-01 23:23:00','2025-09-01 23:26:17'),(17,'2025',2,1,'2025-08-10 20:00:00',96,92,'SoFi Stadium','Inglewood','CA','USA',27,13,'scheduled','2025-09-01 23:23:00','2025-09-01 23:26:17'),(18,'2025',3,1,'2025-08-15 23:00:00',62,89,'Mercedes-Benz Stadium','Atlanta','GA','USA',20,23,'scheduled','2025-09-01 23:23:01','2025-09-01 23:26:17'),(19,'2025',3,1,'2025-08-16 02:00:00',87,78,'Lumen Field','Seattle','WA','USA',33,16,'scheduled','2025-09-01 23:23:01','2025-09-01 23:26:17'),(20,'2025',3,1,'2025-08-16 17:00:00',71,94,'Ford Field','Detroit','MI','USA',17,24,'scheduled','2025-09-01 23:23:01','2025-09-01 23:26:17'),(21,'2025',3,1,'2025-08-16 17:00:00',75,73,'Lucas Oil Stadium','Indianapolis','IN','USA',19,23,'scheduled','2025-09-01 23:23:01','2025-09-01 23:26:17'),(22,'2025',3,1,'2025-08-16 17:00:00',80,95,'U.S. Bank Stadium','Minneapolis','MN','USA',12,20,'scheduled','2025-09-01 23:23:01','2025-09-01 23:26:17'),(23,'2025',3,1,'2025-08-16 17:00:00',84,69,'Lincoln Financial Field','Philadelphia','PA','USA',13,22,'scheduled','2025-09-01 23:23:01','2025-09-01 23:26:17'),(24,'2025',3,1,'2025-08-16 17:00:00',93,66,'NRG Stadium','Houston','TX','USA',20,3,'scheduled','2025-09-01 23:23:01','2025-09-01 23:26:17'),(25,'2025',3,1,'2025-08-16 20:05:00',79,86,'Allegiant Stadium','Las Vegas','NV','USA',19,22,'scheduled','2025-09-01 23:23:01','2025-09-01 23:26:17'),(26,'2025',3,1,'2025-08-16 23:00:00',70,63,'AT&T Stadium','Arlington','TX','USA',13,31,'scheduled','2025-09-01 23:23:01','2025-09-01 23:26:17'),(27,'2025',3,1,'2025-08-16 23:00:00',77,96,'SoFi Stadium','Inglewood','CA','USA',23,22,'scheduled','2025-09-01 23:23:01','2025-09-01 23:26:17'),(28,'2025',3,1,'2025-08-16 23:00:00',82,83,'MetLife Stadium','East Rutherford','NJ','USA',31,12,'scheduled','2025-09-01 23:23:01','2025-09-01 23:26:17'),(29,'2025',3,1,'2025-08-16 23:00:00',85,88,'Acrisure Stadium','Pittsburgh','PA','USA',14,17,'scheduled','2025-09-01 23:23:01','2025-09-01 23:26:17'),(30,'2025',3,1,'2025-08-17 01:30:00',72,61,'Empower Field at Mile High','Denver','CO','USA',27,7,'scheduled','2025-09-01 23:23:01','2025-09-01 23:26:17'),(31,'2025',3,1,'2025-08-17 17:00:00',92,76,'Caesars Superdome','New Orleans','LA','USA',17,17,'scheduled','2025-09-01 23:23:01','2025-09-01 23:26:17'),(32,'2025',3,1,'2025-08-18 00:00:00',67,65,'Soldier Field','Chicago','IL','USA',38,0,'scheduled','2025-09-01 23:23:01','2025-09-01 23:26:17'),(33,'2025',3,1,'2025-08-19 00:00:00',90,68,'Northwest Stadium','Landover','MD','USA',17,31,'scheduled','2025-09-01 23:23:01','2025-09-01 23:26:17'),(34,'2025',4,1,'2025-08-21 23:00:00',66,85,'Bank of America Stadium','Charlotte','NC','USA',10,19,'scheduled','2025-09-01 23:23:01','2025-09-01 23:26:17'),(35,'2025',4,1,'2025-08-22 00:00:00',82,95,'MetLife Stadium','East Rutherford','NJ','USA',42,10,'scheduled','2025-09-01 23:23:01','2025-09-01 23:26:17'),(36,'2025',4,1,'2025-08-22 23:30:00',83,84,'MetLife Stadium','East Rutherford','NJ','USA',17,19,'scheduled','2025-09-01 23:23:01','2025-09-01 23:26:17'),(37,'2025',4,1,'2025-08-23 00:00:00',70,62,'AT&T Stadium','Arlington','TX','USA',31,13,'scheduled','2025-09-01 23:23:01','2025-09-01 23:26:17'),(38,'2025',4,1,'2025-08-23 00:00:00',89,80,'Nissan Stadium','Nashville','TN','USA',23,13,'scheduled','2025-09-01 23:23:01','2025-09-01 23:26:17'),(39,'2025',4,1,'2025-08-23 00:20:00',78,67,'GEHA Field at Arrowhead Stadium','Kansas City','MO','USA',27,29,'scheduled','2025-09-01 23:23:01','2025-09-01 23:26:17'),(40,'2025',4,1,'2025-08-23 16:00:00',90,63,'Northwest Stadium','Landover','MD','USA',3,30,'scheduled','2025-09-01 23:23:01','2025-09-01 23:26:17'),(41,'2025',4,1,'2025-08-23 17:00:00',68,75,'Paycor Stadium','Cincinnati','OH','USA',14,41,'scheduled','2025-09-01 23:23:01','2025-09-01 23:26:17'),(42,'2025',4,1,'2025-08-23 17:00:00',69,77,'Huntington Bank Field','Cleveland','OH','USA',19,17,'scheduled','2025-09-01 23:23:01','2025-09-01 23:26:17'),(43,'2025',4,1,'2025-08-23 17:00:00',71,93,'Ford Field','Detroit','MI','USA',7,26,'scheduled','2025-09-01 23:23:01','2025-09-01 23:26:17'),(44,'2025',4,1,'2025-08-23 17:00:00',92,72,'Caesars Superdome','New Orleans','LA','USA',19,28,'scheduled','2025-09-01 23:23:01','2025-09-01 23:26:17'),(45,'2025',4,1,'2025-08-23 20:00:00',73,87,'Lambeau Field','Green Bay','WI','USA',20,7,'scheduled','2025-09-01 23:23:01','2025-09-01 23:26:17'),(46,'2025',4,1,'2025-08-23 23:00:00',94,76,'Hard Rock Stadium','Miami Gardens','FL','USA',14,6,'scheduled','2025-09-01 23:23:01','2025-09-01 23:26:17'),(47,'2025',4,1,'2025-08-23 23:30:00',88,65,'Raymond James Stadium','Tampa','FL','USA',19,23,'scheduled','2025-09-01 23:23:01','2025-09-01 23:26:17'),(48,'2025',4,1,'2025-08-24 00:30:00',86,96,'Levi\'s Stadium','Santa Clara','CA','USA',30,23,'scheduled','2025-09-01 23:23:01','2025-09-01 23:26:17'),(49,'2025',4,1,'2025-08-24 02:00:00',61,79,'State Farm Stadium','Glendale','AZ','USA',20,10,'scheduled','2025-09-01 23:23:01','2025-09-01 23:26:17'),(50,'2025',1,0,'2025-09-05 00:20:00',84,70,'Lincoln Financial Field','Philadelphia','PA','USA',0,0,'scheduled','2025-09-01 23:23:01','2025-09-01 23:26:18'),(51,'2025',1,0,'2025-09-06 00:00:00',96,78,'Corinthians Arena','Sao Paulo',NULL,'Brazil',27,21,'completed','2025-09-01 23:23:01','2025-09-11 22:13:41'),(52,'2025',1,0,'2025-09-07 17:00:00',62,88,'Mercedes-Benz Stadium','Atlanta','GA','USA',20,23,'completed','2025-09-01 23:23:01','2025-09-22 18:33:00'),(53,'2025',1,0,'2025-09-07 17:00:00',69,68,'Huntington Bank Field','Cleveland','OH','USA',0,0,'scheduled','2025-09-01 23:23:01','2025-09-01 23:26:18'),(54,'2025',1,0,'2025-09-07 17:00:00',75,94,'Lucas Oil Stadium','Indianapolis','IN','USA',0,0,'scheduled','2025-09-01 23:23:01','2025-09-01 23:26:18'),(55,'2025',1,0,'2025-09-07 17:00:00',95,79,'Gillette Stadium','Foxborough','MA','USA',0,0,'scheduled','2025-09-01 23:23:01','2025-09-01 23:26:18'),(56,'2025',1,0,'2025-09-07 17:00:00',92,61,'Caesars Superdome','New Orleans','LA','USA',0,0,'scheduled','2025-09-01 23:23:01','2025-09-01 23:26:18'),(57,'2025',1,0,'2025-09-07 17:00:00',83,85,'MetLife Stadium','East Rutherford','NJ','USA',0,0,'scheduled','2025-09-01 23:23:01','2025-09-01 23:26:18'),(58,'2025',1,0,'2025-09-07 17:00:00',90,82,'Northwest Stadium','Landover','MD','USA',0,0,'scheduled','2025-09-01 23:23:01','2025-09-01 23:26:18'),(59,'2025',1,0,'2025-09-07 17:00:00',76,66,'EverBank Stadium','Jacksonville','FL','USA',0,0,'scheduled','2025-09-01 23:23:01','2025-09-01 23:26:18'),(60,'2025',1,0,'2025-09-07 20:05:00',72,89,'Empower Field at Mile High','Denver','CO','USA',0,0,'scheduled','2025-09-01 23:23:01','2025-09-01 23:26:18'),(61,'2025',1,0,'2025-09-07 20:05:00',87,86,'Lumen Field','Seattle','WA','USA',0,0,'scheduled','2025-09-01 23:23:01','2025-09-01 23:26:18'),(62,'2025',1,0,'2025-09-07 20:25:00',73,71,'Lambeau Field','Green Bay','WI','USA',0,0,'scheduled','2025-09-01 23:23:01','2025-09-01 23:26:18'),(63,'2025',1,0,'2025-09-07 20:25:00',77,93,'SoFi Stadium','Inglewood','CA','USA',0,0,'scheduled','2025-09-01 23:23:01','2025-09-01 23:26:18'),(64,'2025',1,0,'2025-09-08 00:20:00',65,63,'Highmark Stadium','Orchard Park','NY','USA',0,0,'scheduled','2025-09-01 23:23:01','2025-09-01 23:26:18'),(65,'2025',1,0,'2025-09-09 00:15:00',67,80,'Soldier Field','Chicago','IL','USA',0,0,'scheduled','2025-09-01 23:23:01','2025-09-01 23:26:18'),(66,'2025',2,0,'2025-09-12 00:15:00',73,90,'Lambeau Field','Green Bay','WI','USA',0,0,'scheduled','2025-09-01 23:23:02','2025-09-01 23:26:18'),(67,'2025',2,0,'2025-09-14 17:00:00',68,76,'Paycor Stadium','Cincinnati','OH','USA',0,0,'scheduled','2025-09-01 23:23:02','2025-09-01 23:26:18'),(68,'2025',2,0,'2025-09-14 17:00:00',70,82,'AT&T Stadium','Arlington','TX','USA',0,0,'scheduled','2025-09-01 23:23:02','2025-09-01 23:26:18'),(69,'2025',2,0,'2025-09-14 17:00:00',71,67,'Ford Field','Detroit','MI','USA',0,0,'scheduled','2025-09-01 23:23:02','2025-09-01 23:26:18'),(70,'2025',2,0,'2025-09-14 17:00:00',89,77,'Nissan Stadium','Nashville','TN','USA',0,0,'scheduled','2025-09-01 23:23:02','2025-09-01 23:26:18'),(71,'2025',2,0,'2025-09-14 17:00:00',94,95,'Hard Rock Stadium','Miami Gardens','FL','USA',0,0,'scheduled','2025-09-01 23:23:02','2025-09-01 23:26:18'),(72,'2025',2,0,'2025-09-14 17:00:00',92,86,'Caesars Superdome','New Orleans','LA','USA',0,0,'scheduled','2025-09-01 23:23:02','2025-09-01 23:26:18'),(73,'2025',2,0,'2025-09-14 17:00:00',83,65,'MetLife Stadium','East Rutherford','NJ','USA',0,0,'scheduled','2025-09-01 23:23:02','2025-09-01 23:26:18'),(74,'2025',2,0,'2025-09-14 17:00:00',85,87,'Acrisure Stadium','Pittsburgh','PA','USA',0,0,'scheduled','2025-09-01 23:23:02','2025-09-01 23:26:18'),(75,'2025',2,0,'2025-09-14 17:00:00',63,69,'M&T Bank Stadium','Baltimore','MD','USA',0,0,'scheduled','2025-09-01 23:23:02','2025-09-01 23:26:18'),(76,'2025',2,0,'2025-09-14 20:05:00',75,72,'Lucas Oil Stadium','Indianapolis','IN','USA',0,0,'scheduled','2025-09-01 23:23:02','2025-09-01 23:26:18'),(77,'2025',2,0,'2025-09-14 20:05:00',61,66,'State Farm Stadium','Glendale','AZ','USA',0,0,'scheduled','2025-09-01 23:23:02','2025-09-01 23:26:18'),(78,'2025',2,0,'2025-09-14 20:25:00',78,84,'GEHA Field at Arrowhead Stadium','Kansas City','MO','USA',0,0,'scheduled','2025-09-01 23:23:02','2025-09-01 23:26:18'),(79,'2025',2,0,'2025-09-15 00:20:00',80,62,'U.S. Bank Stadium','Minneapolis','MN','USA',6,22,'completed','2025-09-01 23:23:02','2025-09-22 18:33:31'),(80,'2025',2,0,'2025-09-15 23:00:00',93,88,'NRG Stadium','Houston','TX','USA',0,0,'scheduled','2025-09-01 23:23:02','2025-09-01 23:26:18'),(81,'2025',2,0,'2025-09-16 02:00:00',79,96,'Allegiant Stadium','Las Vegas','NV','USA',0,0,'scheduled','2025-09-01 23:23:02','2025-09-01 23:26:18'),(82,'2025',3,0,'2025-09-19 00:15:00',65,94,'Highmark Stadium','Orchard Park','NY','USA',0,0,'scheduled','2025-09-01 23:23:02','2025-09-01 23:26:18'),(83,'2025',3,0,'2025-09-21 17:00:00',69,73,'Huntington Bank Field','Cleveland','OH','USA',0,0,'scheduled','2025-09-01 23:23:02','2025-09-01 23:26:18'),(84,'2025',3,0,'2025-09-21 17:00:00',89,75,'Nissan Stadium','Nashville','TN','USA',0,0,'scheduled','2025-09-01 23:23:02','2025-09-01 23:26:18'),(85,'2025',3,0,'2025-09-21 17:00:00',80,68,'U.S. Bank Stadium','Minneapolis','MN','USA',0,0,'scheduled','2025-09-01 23:23:02','2025-09-01 23:26:18'),(86,'2025',3,0,'2025-09-21 17:00:00',95,85,'Gillette Stadium','Foxborough','MA','USA',0,0,'scheduled','2025-09-01 23:23:02','2025-09-01 23:26:18'),(87,'2025',3,0,'2025-09-21 17:00:00',84,77,'Lincoln Financial Field','Philadelphia','PA','USA',0,0,'scheduled','2025-09-01 23:23:02','2025-09-01 23:26:18'),(88,'2025',3,0,'2025-09-21 17:00:00',88,83,'Raymond James Stadium','Tampa','FL','USA',0,0,'scheduled','2025-09-01 23:23:02','2025-09-01 23:26:18'),(89,'2025',3,0,'2025-09-21 17:00:00',90,79,'Northwest Stadium','Landover','MD','USA',0,0,'scheduled','2025-09-01 23:23:02','2025-09-01 23:26:18'),(90,'2025',3,0,'2025-09-21 17:00:00',66,62,'Bank of America Stadium','Charlotte','NC','USA',0,30,'completed','2025-09-01 23:23:02','2025-09-22 18:31:30'),(91,'2025',3,0,'2025-09-21 17:00:00',76,93,'EverBank Stadium','Jacksonville','FL','USA',0,0,'scheduled','2025-09-01 23:23:02','2025-09-01 23:26:18'),(92,'2025',3,0,'2025-09-21 20:05:00',96,72,'SoFi Stadium','Inglewood','CA','USA',0,0,'scheduled','2025-09-01 23:23:02','2025-09-01 23:26:18'),(93,'2025',3,0,'2025-09-21 20:05:00',87,92,'Lumen Field','Seattle','WA','USA',0,0,'scheduled','2025-09-01 23:23:02','2025-09-01 23:26:18'),(94,'2025',3,0,'2025-09-21 20:25:00',67,70,'Soldier Field','Chicago','IL','USA',0,0,'scheduled','2025-09-01 23:23:02','2025-09-01 23:26:18'),(95,'2025',3,0,'2025-09-21 20:25:00',86,61,'Levi\'s Stadium','Santa Clara','CA','USA',0,0,'scheduled','2025-09-01 23:23:02','2025-09-01 23:26:18'),(96,'2025',3,0,'2025-09-22 00:20:00',82,78,'MetLife Stadium','East Rutherford','NJ','USA',0,0,'scheduled','2025-09-01 23:23:02','2025-09-01 23:26:18'),(97,'2025',3,0,'2025-09-23 00:15:00',63,71,'M&T Bank Stadium','Baltimore','MD','USA',0,0,'scheduled','2025-09-01 23:23:02','2025-09-01 23:26:18'),(98,'2025',4,0,'2025-09-26 00:15:00',61,87,'State Farm Stadium','Glendale','AZ','USA',0,0,'scheduled','2025-09-01 23:23:02','2025-09-01 23:26:18'),(99,'2025',4,0,'2025-09-28 13:30:00',85,80,'Croke Park','Dublin',NULL,'Ireland',0,0,'scheduled','2025-09-01 23:23:02','2025-09-01 23:26:18'),(100,'2025',4,0,'2025-09-28 17:00:00',62,90,'Mercedes-Benz Stadium','Atlanta','GA','USA',0,0,'scheduled','2025-09-01 23:23:02','2025-09-01 23:26:18'),(101,'2025',4,0,'2025-09-28 17:00:00',65,92,'Highmark Stadium','Orchard Park','NY','USA',0,0,'scheduled','2025-09-01 23:23:02','2025-09-01 23:26:18'),(102,'2025',4,0,'2025-09-28 17:00:00',71,69,'Ford Field','Detroit','MI','USA',0,0,'scheduled','2025-09-01 23:23:02','2025-09-01 23:26:18'),(103,'2025',4,0,'2025-09-28 17:00:00',95,66,'Gillette Stadium','Foxborough','MA','USA',0,0,'scheduled','2025-09-01 23:23:02','2025-09-01 23:26:18'),(104,'2025',4,0,'2025-09-28 17:00:00',82,96,'MetLife Stadium','East Rutherford','NJ','USA',0,0,'scheduled','2025-09-01 23:23:02','2025-09-01 23:26:18'),(105,'2025',4,0,'2025-09-28 17:00:00',88,84,'Raymond James Stadium','Tampa','FL','USA',0,0,'scheduled','2025-09-01 23:23:02','2025-09-01 23:26:18'),(106,'2025',4,0,'2025-09-28 17:00:00',93,89,'NRG Stadium','Houston','TX','USA',0,0,'scheduled','2025-09-01 23:23:02','2025-09-01 23:26:19'),(107,'2025',4,0,'2025-09-28 20:05:00',77,75,'SoFi Stadium','Inglewood','CA','USA',0,0,'scheduled','2025-09-01 23:23:02','2025-09-01 23:26:19'),(108,'2025',4,0,'2025-09-28 20:05:00',86,76,'Levi\'s Stadium','Santa Clara','CA','USA',0,0,'scheduled','2025-09-01 23:23:02','2025-09-01 23:26:19'),(109,'2025',4,0,'2025-09-28 20:25:00',78,63,'GEHA Field at Arrowhead Stadium','Kansas City','MO','USA',0,0,'scheduled','2025-09-01 23:23:02','2025-09-01 23:26:19'),(110,'2025',4,0,'2025-09-28 20:25:00',79,67,'Allegiant Stadium','Las Vegas','NV','USA',0,0,'scheduled','2025-09-01 23:23:02','2025-09-01 23:26:19'),(111,'2025',4,0,'2025-09-29 00:20:00',70,73,'AT&T Stadium','Arlington','TX','USA',0,0,'scheduled','2025-09-01 23:23:02','2025-09-01 23:26:19'),(112,'2025',4,0,'2025-09-29 23:15:00',94,83,'Hard Rock Stadium','Miami Gardens','FL','USA',0,0,'scheduled','2025-09-01 23:23:02','2025-09-01 23:26:19'),(113,'2025',4,0,'2025-09-30 00:15:00',72,68,'Empower Field at Mile High','Denver','CO','USA',0,0,'scheduled','2025-09-01 23:23:02','2025-09-01 23:26:19'),(114,'2025',5,0,'2025-10-03 00:15:00',77,86,'SoFi Stadium','Inglewood','CA','USA',0,0,'scheduled','2025-09-01 23:23:02','2025-09-01 23:26:19'),(115,'2025',5,0,'2025-10-05 13:30:00',69,80,'Tottenham Hotspur Stadium','London',NULL,'England',0,0,'scheduled','2025-09-01 23:23:02','2025-09-01 23:26:19'),(116,'2025',5,0,'2025-10-05 17:00:00',75,79,'Lucas Oil Stadium','Indianapolis','IN','USA',0,0,'scheduled','2025-09-01 23:23:02','2025-09-01 23:26:19'),(117,'2025',5,0,'2025-10-05 17:00:00',92,82,'Caesars Superdome','New Orleans','LA','USA',0,0,'scheduled','2025-09-01 23:23:02','2025-09-01 23:26:19'),(118,'2025',5,0,'2025-10-05 17:00:00',83,70,'MetLife Stadium','East Rutherford','NJ','USA',0,0,'scheduled','2025-09-01 23:23:02','2025-09-01 23:26:19'),(119,'2025',5,0,'2025-10-05 17:00:00',84,72,'Lincoln Financial Field','Philadelphia','PA','USA',0,0,'scheduled','2025-09-01 23:23:02','2025-09-01 23:26:19'),(120,'2025',5,0,'2025-10-05 17:00:00',66,94,'Bank of America Stadium','Charlotte','NC','USA',0,0,'scheduled','2025-09-01 23:23:02','2025-09-01 23:26:19'),(121,'2025',5,0,'2025-10-05 17:00:00',63,93,'M&T Bank Stadium','Baltimore','MD','USA',0,0,'scheduled','2025-09-01 23:23:02','2025-09-01 23:26:19'),(122,'2025',5,0,'2025-10-05 20:05:00',61,89,'State Farm Stadium','Glendale','AZ','USA',0,0,'scheduled','2025-09-01 23:23:02','2025-09-01 23:26:19'),(123,'2025',5,0,'2025-10-05 20:05:00',87,88,'Lumen Field','Seattle','WA','USA',0,0,'scheduled','2025-09-01 23:23:02','2025-09-01 23:26:19'),(124,'2025',5,0,'2025-10-05 20:25:00',68,71,'Paycor Stadium','Cincinnati','OH','USA',0,0,'scheduled','2025-09-01 23:23:02','2025-09-01 23:26:19'),(125,'2025',5,0,'2025-10-05 20:25:00',96,90,'SoFi Stadium','Inglewood','CA','USA',0,0,'scheduled','2025-09-01 23:23:02','2025-09-01 23:26:19'),(126,'2025',5,0,'2025-10-06 00:20:00',65,95,'Highmark Stadium','Orchard Park','NY','USA',0,0,'scheduled','2025-09-01 23:23:02','2025-09-01 23:26:19'),(127,'2025',5,0,'2025-10-07 00:15:00',76,78,'EverBank Stadium','Jacksonville','FL','USA',0,0,'scheduled','2025-09-01 23:23:02','2025-09-01 23:26:19'),(128,'2025',6,0,'2025-10-10 00:15:00',82,84,'MetLife Stadium','East Rutherford','NJ','USA',0,0,'scheduled','2025-09-01 23:23:02','2025-09-01 23:26:19'),(129,'2025',6,0,'2025-10-12 13:30:00',83,72,'Tottenham Hotspur Stadium','London',NULL,'England',0,0,'scheduled','2025-09-01 23:23:02','2025-09-01 23:26:19'),(130,'2025',6,0,'2025-10-12 17:00:00',75,61,'Lucas Oil Stadium','Indianapolis','IN','USA',0,0,'scheduled','2025-09-01 23:23:02','2025-09-01 23:26:19'),(131,'2025',6,0,'2025-10-12 17:00:00',94,96,'Hard Rock Stadium','Miami Gardens','FL','USA',0,0,'scheduled','2025-09-01 23:23:03','2025-09-01 23:26:19'),(132,'2025',6,0,'2025-10-12 17:00:00',85,69,'Acrisure Stadium','Pittsburgh','PA','USA',0,0,'scheduled','2025-09-01 23:23:03','2025-09-01 23:26:19'),(133,'2025',6,0,'2025-10-12 17:00:00',88,86,'Raymond James Stadium','Tampa','FL','USA',0,0,'scheduled','2025-09-01 23:23:03','2025-09-01 23:26:19'),(134,'2025',6,0,'2025-10-12 17:00:00',66,70,'Bank of America Stadium','Charlotte','NC','USA',0,0,'scheduled','2025-09-01 23:23:03','2025-09-01 23:26:19'),(135,'2025',6,0,'2025-10-12 17:00:00',76,87,'EverBank Stadium','Jacksonville','FL','USA',0,0,'scheduled','2025-09-01 23:23:03','2025-09-01 23:26:19'),(136,'2025',6,0,'2025-10-12 17:00:00',63,77,'M&T Bank Stadium','Baltimore','MD','USA',0,0,'scheduled','2025-09-01 23:23:03','2025-09-01 23:26:19'),(137,'2025',6,0,'2025-10-12 20:05:00',79,89,'Allegiant Stadium','Las Vegas','NV','USA',0,0,'scheduled','2025-09-01 23:23:03','2025-09-01 23:26:19'),(138,'2025',6,0,'2025-10-12 20:25:00',73,68,'Lambeau Field','Green Bay','WI','USA',0,0,'scheduled','2025-09-01 23:23:03','2025-09-01 23:26:19'),(139,'2025',6,0,'2025-10-12 20:25:00',92,95,'Caesars Superdome','New Orleans','LA','USA',0,0,'scheduled','2025-09-01 23:23:03','2025-09-01 23:26:19'),(140,'2025',6,0,'2025-10-13 00:20:00',78,71,'GEHA Field at Arrowhead Stadium','Kansas City','MO','USA',0,0,'scheduled','2025-09-01 23:23:03','2025-09-01 23:26:19'),(141,'2025',6,0,'2025-10-13 23:15:00',62,65,'Mercedes-Benz Stadium','Atlanta','GA','USA',0,0,'scheduled','2025-09-01 23:23:03','2025-09-01 23:26:19'),(142,'2025',6,0,'2025-10-14 00:15:00',90,67,'Northwest Stadium','Landover','MD','USA',0,0,'scheduled','2025-09-01 23:23:03','2025-09-01 23:26:19'),(143,'2025',7,0,'2025-10-17 00:15:00',68,85,'Paycor Stadium','Cincinnati','OH','USA',0,0,'scheduled','2025-09-01 23:23:03','2025-09-01 23:26:19'),(144,'2025',7,0,'2025-10-19 13:30:00',76,77,'Wembley Stadium','London',NULL,'England',0,0,'scheduled','2025-09-01 23:23:03','2025-09-01 23:26:19'),(145,'2025',7,0,'2025-10-19 17:00:00',67,92,'Soldier Field','Chicago','IL','USA',0,0,'scheduled','2025-09-01 23:23:03','2025-09-01 23:26:19'),(146,'2025',7,0,'2025-10-19 17:00:00',69,94,'Huntington Bank Field','Cleveland','OH','USA',0,0,'scheduled','2025-09-01 23:23:03','2025-09-01 23:26:19'),(147,'2025',7,0,'2025-10-19 17:00:00',89,95,'Nissan Stadium','Nashville','TN','USA',0,0,'scheduled','2025-09-01 23:23:03','2025-09-01 23:26:19'),(148,'2025',7,0,'2025-10-19 17:00:00',78,79,'GEHA Field at Arrowhead Stadium','Kansas City','MO','USA',0,0,'scheduled','2025-09-01 23:23:03','2025-09-01 23:26:19'),(149,'2025',7,0,'2025-10-19 17:00:00',80,84,'U.S. Bank Stadium','Minneapolis','MN','USA',0,0,'scheduled','2025-09-01 23:23:03','2025-09-01 23:26:19'),(150,'2025',7,0,'2025-10-19 17:00:00',83,66,'MetLife Stadium','East Rutherford','NJ','USA',0,0,'scheduled','2025-09-01 23:23:03','2025-09-01 23:26:19'),(151,'2025',7,0,'2025-10-19 20:05:00',72,82,'Empower Field at Mile High','Denver','CO','USA',0,0,'scheduled','2025-09-01 23:23:03','2025-09-01 23:26:19'),(152,'2025',7,0,'2025-10-19 20:05:00',96,75,'SoFi Stadium','Inglewood','CA','USA',0,0,'scheduled','2025-09-01 23:23:03','2025-09-01 23:26:19'),(153,'2025',7,0,'2025-10-19 20:25:00',70,90,'AT&T Stadium','Arlington','TX','USA',0,0,'scheduled','2025-09-01 23:23:03','2025-09-01 23:26:20'),(154,'2025',7,0,'2025-10-19 20:25:00',61,73,'State Farm Stadium','Glendale','AZ','USA',0,0,'scheduled','2025-09-01 23:23:03','2025-09-01 23:26:20'),(155,'2025',7,0,'2025-10-20 00:20:00',86,62,'Levi\'s Stadium','Santa Clara','CA','USA',0,0,'scheduled','2025-09-01 23:23:03','2025-09-01 23:26:20'),(156,'2025',7,0,'2025-10-20 23:00:00',71,88,'Ford Field','Detroit','MI','USA',0,0,'scheduled','2025-09-01 23:23:03','2025-09-01 23:26:20'),(157,'2025',7,0,'2025-10-21 02:00:00',87,93,'Lumen Field','Seattle','WA','USA',0,0,'scheduled','2025-09-01 23:23:03','2025-09-01 23:26:20'),(158,'2025',8,0,'2025-10-24 00:15:00',96,80,'SoFi Stadium','Inglewood','CA','USA',0,0,'scheduled','2025-09-01 23:23:03','2025-09-01 23:26:20'),(159,'2025',8,0,'2025-10-26 17:00:00',62,94,'Mercedes-Benz Stadium','Atlanta','GA','USA',0,0,'scheduled','2025-09-01 23:23:03','2025-09-01 23:26:20'),(160,'2025',8,0,'2025-10-26 17:00:00',68,83,'Paycor Stadium','Cincinnati','OH','USA',0,0,'scheduled','2025-09-01 23:23:03','2025-09-01 23:26:20'),(161,'2025',8,0,'2025-10-26 17:00:00',95,69,'Gillette Stadium','Foxborough','MA','USA',0,0,'scheduled','2025-09-01 23:23:03','2025-09-01 23:26:20'),(162,'2025',8,0,'2025-10-26 17:00:00',84,82,'Lincoln Financial Field','Philadelphia','PA','USA',0,0,'scheduled','2025-09-01 23:23:03','2025-09-01 23:26:20'),(163,'2025',8,0,'2025-10-26 17:00:00',66,65,'Bank of America Stadium','Charlotte','NC','USA',0,0,'scheduled','2025-09-01 23:23:03','2025-09-01 23:26:20'),(164,'2025',8,0,'2025-10-26 17:00:00',63,67,'M&T Bank Stadium','Baltimore','MD','USA',0,0,'scheduled','2025-09-01 23:23:03','2025-09-01 23:26:20'),(165,'2025',8,0,'2025-10-26 17:00:00',93,86,'NRG Stadium','Houston','TX','USA',0,0,'scheduled','2025-09-01 23:23:03','2025-09-01 23:26:20'),(166,'2025',8,0,'2025-10-26 20:05:00',92,88,'Caesars Superdome','New Orleans','LA','USA',0,0,'scheduled','2025-09-01 23:23:03','2025-09-01 23:26:20'),(167,'2025',8,0,'2025-10-26 20:25:00',72,70,'Empower Field at Mile High','Denver','CO','USA',0,0,'scheduled','2025-09-01 23:23:03','2025-09-01 23:26:20'),(168,'2025',8,0,'2025-10-26 20:25:00',75,89,'Lucas Oil Stadium','Indianapolis','IN','USA',0,0,'scheduled','2025-09-01 23:23:03','2025-09-01 23:26:20'),(169,'2025',8,0,'2025-10-27 00:20:00',85,73,'Acrisure Stadium','Pittsburgh','PA','USA',0,0,'scheduled','2025-09-01 23:23:03','2025-09-01 23:26:20'),(170,'2025',8,0,'2025-10-28 00:15:00',78,90,'GEHA Field at Arrowhead Stadium','Kansas City','MO','USA',0,0,'scheduled','2025-09-01 23:23:03','2025-09-01 23:26:20'),(171,'2025',9,0,'2025-10-31 00:15:00',94,63,'Hard Rock Stadium','Miami Gardens','FL','USA',0,0,'scheduled','2025-09-01 23:23:03','2025-09-01 23:26:20'),(172,'2025',9,0,'2025-11-02 18:00:00',68,67,'Paycor Stadium','Cincinnati','OH','USA',0,0,'scheduled','2025-09-01 23:23:03','2025-09-01 23:26:20'),(173,'2025',9,0,'2025-11-02 18:00:00',71,80,'Ford Field','Detroit','MI','USA',0,0,'scheduled','2025-09-01 23:23:03','2025-09-01 23:26:20'),(174,'2025',9,0,'2025-11-02 18:00:00',73,66,'Lambeau Field','Green Bay','WI','USA',0,0,'scheduled','2025-09-01 23:23:03','2025-09-01 23:26:20'),(175,'2025',9,0,'2025-11-02 18:00:00',89,96,'Nissan Stadium','Nashville','TN','USA',0,0,'scheduled','2025-09-01 23:23:03','2025-09-01 23:26:20'),(176,'2025',9,0,'2025-11-02 18:00:00',95,62,'Gillette Stadium','Foxborough','MA','USA',0,0,'scheduled','2025-09-01 23:23:03','2025-09-01 23:26:20'),(177,'2025',9,0,'2025-11-02 18:00:00',82,86,'MetLife Stadium','East Rutherford','NJ','USA',0,0,'scheduled','2025-09-01 23:23:03','2025-09-01 23:26:20'),(178,'2025',9,0,'2025-11-02 18:00:00',85,75,'Acrisure Stadium','Pittsburgh','PA','USA',0,0,'scheduled','2025-09-01 23:23:03','2025-09-01 23:26:20'),(179,'2025',9,0,'2025-11-02 18:00:00',93,72,'NRG Stadium','Houston','TX','USA',0,0,'scheduled','2025-09-01 23:23:03','2025-09-01 23:26:20'),(180,'2025',9,0,'2025-11-02 21:05:00',79,76,'Allegiant Stadium','Las Vegas','NV','USA',0,0,'scheduled','2025-09-01 23:23:03','2025-09-01 23:26:20'),(181,'2025',9,0,'2025-11-02 21:05:00',77,92,'SoFi Stadium','Inglewood','CA','USA',0,0,'scheduled','2025-09-01 23:23:03','2025-09-01 23:26:20'),(182,'2025',9,0,'2025-11-02 21:25:00',65,78,'Highmark Stadium','Orchard Park','NY','USA',0,0,'scheduled','2025-09-01 23:23:03','2025-09-01 23:26:20'),(183,'2025',9,0,'2025-11-03 01:20:00',90,87,'Northwest Stadium','Landover','MD','USA',0,0,'scheduled','2025-09-01 23:23:03','2025-09-01 23:26:20'),(184,'2025',9,0,'2025-11-04 01:15:00',70,61,'AT&T Stadium','Arlington','TX','USA',0,0,'scheduled','2025-09-01 23:23:03','2025-09-01 23:26:20'),(185,'2025',10,0,'2025-11-07 01:15:00',72,79,'Empower Field at Mile High','Denver','CO','USA',0,0,'scheduled','2025-09-01 23:23:03','2025-09-01 23:26:20'),(186,'2025',10,0,'2025-11-09 14:30:00',75,62,'Olympic Stadium Berlin','Berlin',NULL,'Germany',0,0,'scheduled','2025-09-01 23:23:03','2025-09-01 23:26:20'),(187,'2025',10,0,'2025-11-09 18:00:00',67,82,'Soldier Field','Chicago','IL','USA',0,0,'scheduled','2025-09-01 23:23:03','2025-09-01 23:26:20'),(188,'2025',10,0,'2025-11-09 18:00:00',94,65,'Hard Rock Stadium','Miami Gardens','FL','USA',0,0,'scheduled','2025-09-01 23:23:03','2025-09-01 23:26:20'),(189,'2025',10,0,'2025-11-09 18:00:00',80,63,'U.S. Bank Stadium','Minneapolis','MN','USA',0,0,'scheduled','2025-09-01 23:23:03','2025-09-01 23:26:20'),(190,'2025',10,0,'2025-11-09 18:00:00',83,69,'MetLife Stadium','East Rutherford','NJ','USA',0,0,'scheduled','2025-09-01 23:23:03','2025-09-01 23:26:20'),(191,'2025',10,0,'2025-11-09 18:00:00',88,95,'Raymond James Stadium','Tampa','FL','USA',0,0,'scheduled','2025-09-01 23:23:03','2025-09-01 23:26:20'),(192,'2025',10,0,'2025-11-09 18:00:00',66,92,'Bank of America Stadium','Charlotte','NC','USA',0,0,'scheduled','2025-09-01 23:23:03','2025-09-01 23:26:20'),(193,'2025',10,0,'2025-11-09 18:00:00',93,76,'NRG Stadium','Houston','TX','USA',0,0,'scheduled','2025-09-01 23:23:03','2025-09-01 23:26:20'),(194,'2025',10,0,'2025-11-09 21:05:00',87,61,'Lumen Field','Seattle','WA','USA',0,0,'scheduled','2025-09-01 23:23:03','2025-09-01 23:26:20'),(195,'2025',10,0,'2025-11-09 21:25:00',86,77,'Levi\'s Stadium','Santa Clara','CA','USA',0,0,'scheduled','2025-09-01 23:23:03','2025-09-01 23:26:20'),(196,'2025',10,0,'2025-11-09 21:25:00',90,71,'Northwest Stadium','Landover','MD','USA',0,0,'scheduled','2025-09-01 23:23:03','2025-09-01 23:26:20'),(197,'2025',10,0,'2025-11-10 01:20:00',96,85,'SoFi Stadium','Inglewood','CA','USA',0,0,'scheduled','2025-09-01 23:23:03','2025-09-01 23:26:20'),(198,'2025',10,0,'2025-11-11 01:15:00',73,84,'Lambeau Field','Green Bay','WI','USA',0,0,'scheduled','2025-09-01 23:23:03','2025-09-01 23:26:20'),(199,'2025',11,0,'2025-11-14 01:15:00',95,83,'Gillette Stadium','Foxborough','MA','USA',0,0,'scheduled','2025-09-01 23:23:04','2025-09-01 23:26:20'),(200,'2025',11,0,'2025-11-16 14:30:00',94,90,'Santiago Bernabéu','Madrid',NULL,'Spain',0,0,'scheduled','2025-09-01 23:23:04','2025-09-01 23:26:20'),(201,'2025',11,0,'2025-11-16 18:00:00',62,66,'Mercedes-Benz Stadium','Atlanta','GA','USA',0,0,'scheduled','2025-09-01 23:23:04','2025-09-01 23:26:20'),(202,'2025',11,0,'2025-11-16 18:00:00',65,88,'Highmark Stadium','Orchard Park','NY','USA',0,0,'scheduled','2025-09-01 23:23:04','2025-09-01 23:26:20'),(203,'2025',11,0,'2025-11-16 18:00:00',89,93,'Nissan Stadium','Nashville','TN','USA',0,0,'scheduled','2025-09-01 23:23:04','2025-09-01 23:26:20'),(204,'2025',11,0,'2025-11-16 18:00:00',80,67,'U.S. Bank Stadium','Minneapolis','MN','USA',0,0,'scheduled','2025-09-01 23:23:04','2025-09-01 23:26:20'),(205,'2025',11,0,'2025-11-16 18:00:00',82,73,'MetLife Stadium','East Rutherford','NJ','USA',0,0,'scheduled','2025-09-01 23:23:04','2025-09-01 23:26:20'),(206,'2025',11,0,'2025-11-16 18:00:00',85,68,'Acrisure Stadium','Pittsburgh','PA','USA',0,0,'scheduled','2025-09-01 23:23:04','2025-09-01 23:26:20'),(207,'2025',11,0,'2025-11-16 18:00:00',76,96,'EverBank Stadium','Jacksonville','FL','USA',0,0,'scheduled','2025-09-01 23:23:04','2025-09-01 23:26:20'),(208,'2025',11,0,'2025-11-16 21:05:00',77,87,'SoFi Stadium','Inglewood','CA','USA',0,0,'scheduled','2025-09-01 23:23:04','2025-09-01 23:26:20'),(209,'2025',11,0,'2025-11-16 21:05:00',61,86,'State Farm Stadium','Glendale','AZ','USA',0,0,'scheduled','2025-09-01 23:23:04','2025-09-01 23:26:20'),(210,'2025',11,0,'2025-11-16 21:25:00',69,63,'Huntington Bank Field','Cleveland','OH','USA',0,0,'scheduled','2025-09-01 23:23:04','2025-09-01 23:26:20'),(211,'2025',11,0,'2025-11-16 21:25:00',72,78,'Empower Field at Mile High','Denver','CO','USA',0,0,'scheduled','2025-09-01 23:23:04','2025-09-01 23:26:20'),(212,'2025',11,0,'2025-11-17 01:20:00',84,71,'Lincoln Financial Field','Philadelphia','PA','USA',0,0,'scheduled','2025-09-01 23:23:04','2025-09-01 23:26:20'),(213,'2025',11,0,'2025-11-18 01:15:00',79,70,'Allegiant Stadium','Las Vegas','NV','USA',0,0,'scheduled','2025-09-01 23:23:04','2025-09-01 23:26:20'),(214,'2025',12,0,'2025-11-21 01:15:00',93,65,'NRG Stadium','Houston','TX','USA',0,0,'scheduled','2025-09-01 23:23:04','2025-09-01 23:26:20'),(215,'2025',12,0,'2025-11-23 18:00:00',67,85,'Soldier Field','Chicago','IL','USA',0,0,'scheduled','2025-09-01 23:23:04','2025-09-01 23:26:20'),(216,'2025',12,0,'2025-11-23 18:00:00',68,95,'Paycor Stadium','Cincinnati','OH','USA',0,0,'scheduled','2025-09-01 23:23:04','2025-09-01 23:26:20'),(217,'2025',12,0,'2025-11-23 18:00:00',71,82,'Ford Field','Detroit','MI','USA',0,0,'scheduled','2025-09-01 23:23:04','2025-09-01 23:26:20'),(218,'2025',12,0,'2025-11-23 18:00:00',73,80,'Lambeau Field','Green Bay','WI','USA',0,0,'scheduled','2025-09-01 23:23:04','2025-09-01 23:26:20'),(219,'2025',12,0,'2025-11-23 18:00:00',89,87,'Nissan Stadium','Nashville','TN','USA',0,0,'scheduled','2025-09-01 23:23:04','2025-09-01 23:26:20'),(220,'2025',12,0,'2025-11-23 18:00:00',78,75,'GEHA Field at Arrowhead Stadium','Kansas City','MO','USA',0,0,'scheduled','2025-09-01 23:23:04','2025-09-01 23:26:21'),(221,'2025',12,0,'2025-11-23 18:00:00',63,83,'M&T Bank Stadium','Baltimore','MD','USA',0,0,'scheduled','2025-09-01 23:23:04','2025-09-01 23:26:21'),(222,'2025',12,0,'2025-11-23 21:05:00',79,69,'Allegiant Stadium','Las Vegas','NV','USA',0,0,'scheduled','2025-09-01 23:23:04','2025-09-01 23:26:21'),(223,'2025',12,0,'2025-11-23 21:05:00',61,76,'State Farm Stadium','Glendale','AZ','USA',0,0,'scheduled','2025-09-01 23:23:04','2025-09-01 23:26:21'),(224,'2025',12,0,'2025-11-23 21:25:00',70,84,'AT&T Stadium','Arlington','TX','USA',0,0,'scheduled','2025-09-01 23:23:04','2025-09-01 23:26:21'),(225,'2025',12,0,'2025-11-23 21:25:00',92,62,'Caesars Superdome','New Orleans','LA','USA',0,0,'scheduled','2025-09-01 23:23:04','2025-09-01 23:26:21'),(226,'2025',12,0,'2025-11-24 01:20:00',77,88,'SoFi Stadium','Inglewood','CA','USA',0,0,'scheduled','2025-09-01 23:23:04','2025-09-01 23:26:21'),(227,'2025',12,0,'2025-11-25 01:15:00',86,66,'Levi\'s Stadium','Santa Clara','CA','USA',0,0,'scheduled','2025-09-01 23:23:04','2025-09-01 23:26:21'),(228,'2025',13,0,'2025-11-27 18:00:00',71,73,'Ford Field','Detroit','MI','USA',0,0,'scheduled','2025-09-01 23:23:04','2025-09-01 23:26:21'),(229,'2025',13,0,'2025-11-27 21:30:00',70,78,'AT&T Stadium','Arlington','TX','USA',0,0,'scheduled','2025-09-01 23:23:04','2025-09-01 23:26:21'),(230,'2025',13,0,'2025-11-28 01:20:00',63,68,'M&T Bank Stadium','Baltimore','MD','USA',0,0,'scheduled','2025-09-01 23:23:04','2025-09-01 23:26:21'),(231,'2025',13,0,'2025-11-28 20:00:00',84,67,'Lincoln Financial Field','Philadelphia','PA','USA',0,0,'scheduled','2025-09-01 23:23:04','2025-09-01 23:26:21'),(232,'2025',13,0,'2025-11-30 18:00:00',69,86,'Huntington Bank Field','Cleveland','OH','USA',0,0,'scheduled','2025-09-01 23:23:04','2025-09-01 23:26:21'),(233,'2025',13,0,'2025-11-30 18:00:00',89,76,'Nissan Stadium','Nashville','TN','USA',0,0,'scheduled','2025-09-01 23:23:04','2025-09-01 23:26:21'),(234,'2025',13,0,'2025-11-30 18:00:00',75,93,'Lucas Oil Stadium','Indianapolis','IN','USA',0,0,'scheduled','2025-09-01 23:23:04','2025-09-01 23:26:21'),(235,'2025',13,0,'2025-11-30 18:00:00',94,92,'Hard Rock Stadium','Miami Gardens','FL','USA',0,0,'scheduled','2025-09-01 23:23:04','2025-09-01 23:26:21'),(236,'2025',13,0,'2025-11-30 18:00:00',83,62,'MetLife Stadium','East Rutherford','NJ','USA',0,0,'scheduled','2025-09-01 23:23:04','2025-09-01 23:26:21'),(237,'2025',13,0,'2025-11-30 18:00:00',88,61,'Raymond James Stadium','Tampa','FL','USA',0,0,'scheduled','2025-09-01 23:23:04','2025-09-01 23:26:21'),(238,'2025',13,0,'2025-11-30 18:00:00',66,77,'Bank of America Stadium','Charlotte','NC','USA',0,0,'scheduled','2025-09-01 23:23:04','2025-09-01 23:26:21'),(239,'2025',13,0,'2025-11-30 21:05:00',87,80,'Lumen Field','Seattle','WA','USA',0,0,'scheduled','2025-09-01 23:23:04','2025-09-01 23:26:21'),(240,'2025',13,0,'2025-11-30 21:25:00',85,65,'Acrisure Stadium','Pittsburgh','PA','USA',0,0,'scheduled','2025-09-01 23:23:04','2025-09-01 23:26:21'),(241,'2025',13,0,'2025-11-30 21:25:00',96,79,'SoFi Stadium','Inglewood','CA','USA',0,0,'scheduled','2025-09-01 23:23:04','2025-09-01 23:26:21'),(242,'2025',13,0,'2025-12-01 01:20:00',90,72,'Northwest Stadium','Landover','MD','USA',0,0,'scheduled','2025-09-01 23:23:04','2025-09-01 23:26:21'),(243,'2025',13,0,'2025-12-02 01:15:00',95,82,'Gillette Stadium','Foxborough','MA','USA',0,0,'scheduled','2025-09-01 23:23:04','2025-09-01 23:26:21'),(244,'2025',14,0,'2025-12-05 01:15:00',71,70,'Ford Field','Detroit','MI','USA',0,0,'scheduled','2025-09-01 23:23:04','2025-09-01 23:26:21'),(245,'2025',14,0,'2025-12-07 18:00:00',62,87,'Mercedes-Benz Stadium','Atlanta','GA','USA',0,0,'scheduled','2025-09-01 23:23:04','2025-09-01 23:26:21'),(246,'2025',14,0,'2025-12-07 18:00:00',69,89,'Huntington Bank Field','Cleveland','OH','USA',0,0,'scheduled','2025-09-01 23:23:05','2025-09-01 23:26:21'),(247,'2025',14,0,'2025-12-07 18:00:00',73,67,'Lambeau Field','Green Bay','WI','USA',0,0,'scheduled','2025-09-01 23:23:05','2025-09-01 23:26:21'),(248,'2025',14,0,'2025-12-07 18:00:00',80,90,'U.S. Bank Stadium','Minneapolis','MN','USA',0,0,'scheduled','2025-09-01 23:23:05','2025-09-01 23:26:21'),(249,'2025',14,0,'2025-12-07 18:00:00',83,94,'MetLife Stadium','East Rutherford','NJ','USA',0,0,'scheduled','2025-09-01 23:23:05','2025-09-01 23:26:21'),(250,'2025',14,0,'2025-12-07 18:00:00',88,92,'Raymond James Stadium','Tampa','FL','USA',0,0,'scheduled','2025-09-01 23:23:05','2025-09-01 23:26:21'),(251,'2025',14,0,'2025-12-07 18:00:00',76,75,'EverBank Stadium','Jacksonville','FL','USA',0,0,'scheduled','2025-09-01 23:23:05','2025-09-01 23:26:21'),(252,'2025',14,0,'2025-12-07 18:00:00',63,85,'M&T Bank Stadium','Baltimore','MD','USA',0,0,'scheduled','2025-09-01 23:23:05','2025-09-01 23:26:21'),(253,'2025',14,0,'2025-12-07 21:05:00',79,72,'Allegiant Stadium','Las Vegas','NV','USA',0,0,'scheduled','2025-09-01 23:23:05','2025-09-01 23:26:21'),(254,'2025',14,0,'2025-12-07 21:25:00',65,68,'Highmark Stadium','Orchard Park','NY','USA',0,0,'scheduled','2025-09-01 23:23:05','2025-09-01 23:26:21'),(255,'2025',14,0,'2025-12-07 21:25:00',61,77,'State Farm Stadium','Glendale','AZ','USA',0,0,'scheduled','2025-09-01 23:23:05','2025-09-01 23:26:21'),(256,'2025',14,0,'2025-12-08 01:20:00',78,93,'GEHA Field at Arrowhead Stadium','Kansas City','MO','USA',0,0,'scheduled','2025-09-01 23:23:05','2025-09-01 23:26:21'),(257,'2025',14,0,'2025-12-09 01:15:00',96,84,'SoFi Stadium','Inglewood','CA','USA',0,0,'scheduled','2025-09-01 23:23:05','2025-09-01 23:26:21'),(258,'2025',15,0,'2025-12-12 01:15:00',88,62,'Raymond James Stadium','Tampa','FL','USA',0,0,'scheduled','2025-09-01 23:23:05','2025-09-01 23:26:21'),(259,'2025',15,0,'2025-12-14 18:00:00',67,69,'Soldier Field','Chicago','IL','USA',0,0,'scheduled','2025-09-01 23:23:05','2025-09-01 23:26:21'),(260,'2025',15,0,'2025-12-14 18:00:00',68,63,'Paycor Stadium','Cincinnati','OH','USA',0,0,'scheduled','2025-09-01 23:23:05','2025-09-01 23:26:21'),(261,'2025',15,0,'2025-12-14 18:00:00',78,96,'GEHA Field at Arrowhead Stadium','Kansas City','MO','USA',0,0,'scheduled','2025-09-01 23:23:05','2025-09-01 23:26:21'),(262,'2025',15,0,'2025-12-14 18:00:00',95,65,'Gillette Stadium','Foxborough','MA','USA',0,0,'scheduled','2025-09-01 23:23:05','2025-09-01 23:26:21'),(263,'2025',15,0,'2025-12-14 18:00:00',82,90,'MetLife Stadium','East Rutherford','NJ','USA',0,0,'scheduled','2025-09-01 23:23:05','2025-09-01 23:26:21'),(264,'2025',15,0,'2025-12-14 18:00:00',84,79,'Lincoln Financial Field','Philadelphia','PA','USA',0,0,'scheduled','2025-09-01 23:23:05','2025-09-01 23:26:21'),(265,'2025',15,0,'2025-12-14 18:00:00',76,83,'EverBank Stadium','Jacksonville','FL','USA',0,0,'scheduled','2025-09-01 23:23:05','2025-09-01 23:26:21'),(266,'2025',15,0,'2025-12-14 18:00:00',93,61,'NRG Stadium','Houston','TX','USA',0,0,'scheduled','2025-09-01 23:23:05','2025-09-01 23:26:21'),(267,'2025',15,0,'2025-12-14 21:25:00',72,73,'Empower Field at Mile High','Denver','CO','USA',0,0,'scheduled','2025-09-01 23:23:05','2025-09-01 23:26:21'),(268,'2025',15,0,'2025-12-14 21:25:00',77,71,'SoFi Stadium','Inglewood','CA','USA',0,0,'scheduled','2025-09-01 23:23:05','2025-09-01 23:26:21'),(269,'2025',15,0,'2025-12-14 21:25:00',92,66,'Caesars Superdome','New Orleans','LA','USA',0,0,'scheduled','2025-09-01 23:23:05','2025-09-01 23:26:21'),(270,'2025',15,0,'2025-12-14 21:25:00',86,89,'Levi\'s Stadium','Santa Clara','CA','USA',0,0,'scheduled','2025-09-01 23:23:05','2025-09-01 23:26:21'),(271,'2025',15,0,'2025-12-14 21:25:00',87,75,'Lumen Field','Seattle','WA','USA',0,0,'scheduled','2025-09-01 23:23:05','2025-09-01 23:26:21'),(272,'2025',15,0,'2025-12-15 01:20:00',70,80,'AT&T Stadium','Arlington','TX','USA',0,0,'scheduled','2025-09-01 23:23:05','2025-09-01 23:26:21'),(273,'2025',15,0,'2025-12-16 01:15:00',85,94,'Acrisure Stadium','Pittsburgh','PA','USA',0,0,'scheduled','2025-09-01 23:23:05','2025-09-01 23:26:21'),(274,'2025',16,0,'2025-12-19 01:15:00',87,77,'Lumen Field','Seattle','WA','USA',0,0,'scheduled','2025-09-01 23:23:05','2025-09-01 23:26:22'),(275,'2025',16,0,'2025-12-20 05:00:00',67,73,'Soldier Field','Chicago','IL','USA',0,0,'scheduled','2025-09-01 23:23:05','2025-09-01 23:26:22'),(276,'2025',16,0,'2025-12-20 05:00:00',90,84,'Northwest Stadium','Landover','MD','USA',0,0,'scheduled','2025-09-01 23:23:05','2025-09-01 23:26:22'),(277,'2025',16,0,'2025-12-21 18:00:00',69,65,'Huntington Bank Field','Cleveland','OH','USA',0,0,'scheduled','2025-09-01 23:23:05','2025-09-01 23:26:22'),(278,'2025',16,0,'2025-12-21 18:00:00',70,96,'AT&T Stadium','Arlington','TX','USA',0,0,'scheduled','2025-09-01 23:23:05','2025-09-01 23:26:22'),(279,'2025',16,0,'2025-12-21 18:00:00',89,78,'Nissan Stadium','Nashville','TN','USA',0,0,'scheduled','2025-09-01 23:23:05','2025-09-01 23:26:22'),(280,'2025',16,0,'2025-12-21 18:00:00',92,83,'Caesars Superdome','New Orleans','LA','USA',0,0,'scheduled','2025-09-01 23:23:05','2025-09-01 23:26:22'),(281,'2025',16,0,'2025-12-21 18:00:00',82,80,'MetLife Stadium','East Rutherford','NJ','USA',0,0,'scheduled','2025-09-01 23:23:05','2025-09-01 23:26:22'),(282,'2025',16,0,'2025-12-21 18:00:00',66,88,'Bank of America Stadium','Charlotte','NC','USA',0,0,'scheduled','2025-09-01 23:23:05','2025-09-01 23:26:22'),(283,'2025',16,0,'2025-12-21 18:00:00',63,95,'M&T Bank Stadium','Baltimore','MD','USA',0,0,'scheduled','2025-09-01 23:23:05','2025-09-01 23:26:22'),(284,'2025',16,0,'2025-12-21 21:05:00',72,76,'Empower Field at Mile High','Denver','CO','USA',0,0,'scheduled','2025-09-01 23:23:05','2025-09-01 23:26:22'),(285,'2025',16,0,'2025-12-21 21:05:00',61,62,'State Farm Stadium','Glendale','AZ','USA',0,0,'scheduled','2025-09-01 23:23:05','2025-09-01 23:26:22'),(286,'2025',16,0,'2025-12-21 21:25:00',71,85,'Ford Field','Detroit','MI','USA',0,0,'scheduled','2025-09-01 23:23:05','2025-09-01 23:26:22'),(287,'2025',16,0,'2025-12-21 21:25:00',93,79,'NRG Stadium','Houston','TX','USA',0,0,'scheduled','2025-09-01 23:23:05','2025-09-01 23:26:22'),(288,'2025',16,0,'2025-12-22 01:20:00',94,68,'Hard Rock Stadium','Miami Gardens','FL','USA',0,0,'scheduled','2025-09-01 23:23:05','2025-09-01 23:26:22'),(289,'2025',16,0,'2025-12-23 01:15:00',75,86,'Lucas Oil Stadium','Indianapolis','IN','USA',0,0,'scheduled','2025-09-01 23:23:05','2025-09-01 23:26:22'),(290,'2025',17,0,'2025-12-25 18:00:00',90,70,'Northwest Stadium','Landover','MD','USA',0,0,'scheduled','2025-09-01 23:23:06','2025-09-01 23:26:22'),(291,'2025',17,0,'2025-12-25 21:30:00',80,71,'U.S. Bank Stadium','Minneapolis','MN','USA',0,0,'scheduled','2025-09-01 23:23:06','2025-09-01 23:26:22'),(292,'2025',17,0,'2025-12-26 01:15:00',78,72,'GEHA Field at Arrowhead Stadium','Kansas City','MO','USA',0,0,'scheduled','2025-09-01 23:23:06','2025-09-01 23:26:22'),(293,'2025',17,0,'2025-12-27 05:00:00',68,61,'Paycor Stadium','Cincinnati','OH','USA',0,0,'scheduled','2025-09-01 23:23:06','2025-09-01 23:26:22'),(294,'2025',17,0,'2025-12-27 05:00:00',73,63,'Lambeau Field','Green Bay','WI','USA',0,0,'scheduled','2025-09-01 23:23:06','2025-09-01 23:26:22'),(295,'2025',17,0,'2025-12-27 05:00:00',79,82,'Allegiant Stadium','Las Vegas','NV','USA',0,0,'scheduled','2025-09-01 23:23:06','2025-09-01 23:26:22'),(296,'2025',17,0,'2025-12-27 05:00:00',96,93,'SoFi Stadium','Inglewood','CA','USA',0,0,'scheduled','2025-09-01 23:23:06','2025-09-01 23:26:22'),(297,'2025',17,0,'2025-12-27 05:00:00',66,87,'Bank of America Stadium','Charlotte','NC','USA',0,0,'scheduled','2025-09-01 23:23:06','2025-09-01 23:26:22'),(298,'2025',17,0,'2025-12-28 18:00:00',69,85,'Huntington Bank Field','Cleveland','OH','USA',0,0,'scheduled','2025-09-01 23:23:06','2025-09-01 23:26:22'),(299,'2025',17,0,'2025-12-28 18:00:00',89,92,'Nissan Stadium','Nashville','TN','USA',0,0,'scheduled','2025-09-01 23:23:06','2025-09-01 23:26:22'),(300,'2025',17,0,'2025-12-28 18:00:00',75,76,'Lucas Oil Stadium','Indianapolis','IN','USA',0,0,'scheduled','2025-09-01 23:23:06','2025-09-01 23:26:22'),(301,'2025',17,0,'2025-12-28 18:00:00',94,88,'Hard Rock Stadium','Miami Gardens','FL','USA',0,0,'scheduled','2025-09-01 23:23:06','2025-09-01 23:26:22'),(302,'2025',17,0,'2025-12-28 18:00:00',83,95,'MetLife Stadium','East Rutherford','NJ','USA',0,0,'scheduled','2025-09-01 23:23:06','2025-09-01 23:26:22'),(303,'2025',17,0,'2025-12-28 21:25:00',65,84,'Highmark Stadium','Orchard Park','NY','USA',0,0,'scheduled','2025-09-01 23:23:06','2025-09-01 23:26:22'),(304,'2025',17,0,'2025-12-29 01:20:00',86,67,'Levi\'s Stadium','Santa Clara','CA','USA',0,0,'scheduled','2025-09-01 23:23:06','2025-09-01 23:26:22'),(305,'2025',17,0,'2025-12-30 01:15:00',62,77,'Mercedes-Benz Stadium','Atlanta','GA','USA',0,0,'scheduled','2025-09-01 23:23:06','2025-09-01 23:26:22'),(306,'2025',18,0,'2026-01-04 05:00:00',62,92,'Mercedes-Benz Stadium','Atlanta','GA','USA',0,0,'scheduled','2025-09-01 23:23:06','2025-09-01 23:26:22'),(307,'2025',18,0,'2026-01-04 05:00:00',65,83,'Highmark Stadium','Orchard Park','NY','USA',0,0,'scheduled','2025-09-01 23:23:06','2025-09-01 23:26:22'),(308,'2025',18,0,'2026-01-04 05:00:00',67,71,'Soldier Field','Chicago','IL','USA',0,0,'scheduled','2025-09-01 23:23:06','2025-09-01 23:26:22'),(309,'2025',18,0,'2026-01-04 05:00:00',68,69,'Paycor Stadium','Cincinnati','OH','USA',0,0,'scheduled','2025-09-01 23:23:06','2025-09-01 23:26:22'),(310,'2025',18,0,'2026-01-04 05:00:00',72,96,'Empower Field at Mile High','Denver','CO','USA',0,0,'scheduled','2025-09-01 23:23:06','2025-09-01 23:26:22'),(311,'2025',18,0,'2026-01-04 05:00:00',79,78,'Allegiant Stadium','Las Vegas','NV','USA',0,0,'scheduled','2025-09-01 23:23:06','2025-09-01 23:26:22'),(312,'2025',18,0,'2026-01-04 05:00:00',77,61,'SoFi Stadium','Inglewood','CA','USA',0,0,'scheduled','2025-09-01 23:23:06','2025-09-01 23:26:22'),(313,'2025',18,0,'2026-01-04 05:00:00',80,73,'U.S. Bank Stadium','Minneapolis','MN','USA',0,0,'scheduled','2025-09-01 23:23:06','2025-09-01 23:26:22'),(314,'2025',18,0,'2026-01-04 05:00:00',95,94,'Gillette Stadium','Foxborough','MA','USA',0,0,'scheduled','2025-09-01 23:23:06','2025-09-01 23:26:22'),(315,'2025',18,0,'2026-01-04 05:00:00',82,70,'MetLife Stadium','East Rutherford','NJ','USA',0,0,'scheduled','2025-09-01 23:23:06','2025-09-01 23:26:22'),(316,'2025',18,0,'2026-01-04 05:00:00',84,90,'Lincoln Financial Field','Philadelphia','PA','USA',0,0,'scheduled','2025-09-01 23:23:06','2025-09-01 23:26:22'),(317,'2025',18,0,'2026-01-04 05:00:00',85,63,'Acrisure Stadium','Pittsburgh','PA','USA',0,0,'scheduled','2025-09-01 23:23:06','2025-09-01 23:26:22'),(318,'2025',18,0,'2026-01-04 05:00:00',86,87,'Levi\'s Stadium','Santa Clara','CA','USA',0,0,'scheduled','2025-09-01 23:23:06','2025-09-01 23:26:22'),(319,'2025',18,0,'2026-01-04 05:00:00',88,66,'Raymond James Stadium','Tampa','FL','USA',0,0,'scheduled','2025-09-01 23:23:06','2025-09-01 23:26:22'),(320,'2025',18,0,'2026-01-04 05:00:00',76,89,'EverBank Stadium','Jacksonville','FL','USA',0,0,'scheduled','2025-09-01 23:23:06','2025-09-01 23:26:22'),(321,'2025',18,0,'2026-01-04 05:00:00',93,75,'NRG Stadium','Houston','TX','USA',0,0,'scheduled','2025-09-01 23:23:06','2025-09-01 23:26:22');
/*!40000 ALTER TABLE `Game` ENABLE KEYS */;
UNLOCK TABLES;

--
-- Table structure for table `Job`
--

DROP TABLE IF EXISTS `Job`;
/*!40101 SET @saved_cs_client     = @@character_set_client */;
/*!50503 SET character_set_client = utf8mb4 */;
CREATE TABLE `Job` (
  `id` int NOT NULL AUTO_INCREMENT,
  `type` varchar(100) NOT NULL,
  `payload` json DEFAULT NULL,
  `status` enum('pending','in_progress','completed','failed','canceled') NOT NULL DEFAULT 'pending',
  `createdAt` datetime(3) NOT NULL DEFAULT CURRENT_TIMESTAMP(3),
  `startedAt` datetime(3) DEFAULT NULL,
  `finishedAt` datetime(3) DEFAULT NULL,
  `cancelAt` datetime(3) DEFAULT NULL,
  `cancelReason` varchar(255) DEFAULT NULL,
  `resultCode` varchar(50) DEFAULT NULL,
  `resultJson` json DEFAULT NULL,
  PRIMARY KEY (`id`),
  KEY `Job_status_idx` (`status`)
) ENGINE=InnoDB AUTO_INCREMENT=6 DEFAULT CHARSET=utf8mb4 COLLATE=utf8mb4_0900_ai_ci;
/*!40101 SET character_set_client = @saved_cs_client */;

--
-- Dumping data for table `Job`
--

LOCK TABLES `Job` WRITE;
/*!40000 ALTER TABLE `Job` DISABLE KEYS */;
INSERT INTO `Job` VALUES (1,'IMPORT_NFL_SEASON','{\"year\": 2025, \"seasons\": [\"pre\", \"reg\"]}','completed','2025-09-01 18:22:59.814','2025-09-01 18:22:59.822','2025-09-01 18:23:06.082',NULL,NULL,'OK','{\"skipped\": 0, \"updated\": 0, \"failures\": [], \"inserted\": 321}'),(2,'IMPORT_NFL_SEASON','{\"year\": 2025, \"seasons\": [\"pre\", \"reg\"]}','completed','2025-09-01 18:25:04.499','2025-09-01 18:25:04.524','2025-09-01 18:25:10.929',NULL,NULL,'OK','{\"skipped\": 0, \"updated\": 321, \"failures\": [], \"inserted\": 0}'),(3,'IMPORT_NFL_SEASON','{\"year\": 2025, \"seasons\": [\"pre\", \"reg\"]}','completed','2025-09-01 18:25:59.524','2025-09-01 18:25:59.534','2025-09-01 18:26:07.379',NULL,NULL,'OK','{\"skipped\": 0, \"updated\": 321, \"failures\": [], \"inserted\": 0}'),(4,'IMPORT_NFL_SEASON','{\"year\": 2025, \"seasons\": [\"pre\", \"reg\"]}','completed','2025-09-01 18:26:16.525','2025-09-01 18:26:16.534','2025-09-01 18:26:22.531',NULL,NULL,'OK','{\"skipped\": 0, \"updated\": 321, \"failures\": [], \"inserted\": 0}'),(5,'IMPORT_NFL_SEASON','{\"year\": 2025, \"seasons\": [\"pre\", \"reg\"]}','completed','2025-09-01 18:36:39.209','2025-09-01 18:36:39.217','2025-09-01 18:36:43.462',NULL,NULL,'OK','{\"skipped\": 321, \"updated\": 0, \"failures\": [], \"inserted\": 0}');
/*!40000 ALTER TABLE `Job` ENABLE KEYS */;
UNLOCK TABLES;

--
-- Table structure for table `JobLog`
--

DROP TABLE IF EXISTS `JobLog`;
/*!40101 SET @saved_cs_client     = @@character_set_client */;
/*!50503 SET character_set_client = utf8mb4 */;
CREATE TABLE `JobLog` (
  `id` int NOT NULL AUTO_INCREMENT,
  `jobId` int NOT NULL,
  `level` varchar(10) NOT NULL,
  `message` text NOT NULL,
  `createdAt` datetime(3) NOT NULL DEFAULT CURRENT_TIMESTAMP(3),
  PRIMARY KEY (`id`),
  KEY `JobLog_jobId_idx` (`jobId`),
  CONSTRAINT `JobLog_jobId_fkey` FOREIGN KEY (`jobId`) REFERENCES `Job` (`id`) ON DELETE CASCADE
) ENGINE=InnoDB AUTO_INCREMENT=151 DEFAULT CHARSET=utf8mb4 COLLATE=utf8mb4_0900_ai_ci;
/*!40101 SET character_set_client = @saved_cs_client */;

--
-- Dumping data for table `JobLog`
--

LOCK TABLES `JobLog` WRITE;
/*!40000 ALTER TABLE `JobLog` DISABLE KEYS */;
INSERT INTO `JobLog` VALUES (1,1,'info','Begin seasonType=1 (pre)','2025-09-01 18:22:59.836'),(2,1,'info','Fetch week 1: https://site.api.espn.com/apis/site/v2/sports/football/nfl/scoreboard?dates=2025&seasontype=1&week=1','2025-09-01 18:22:59.847'),(3,1,'info','Fetch week 2: https://site.api.espn.com/apis/site/v2/sports/football/nfl/scoreboard?dates=2025&seasontype=1&week=2','2025-09-01 18:23:00.225'),(4,1,'info','Fetch week 3: https://site.api.espn.com/apis/site/v2/sports/football/nfl/scoreboard?dates=2025&seasontype=1&week=3','2025-09-01 18:23:00.425'),(5,1,'info','Fetch week 4: https://site.api.espn.com/apis/site/v2/sports/football/nfl/scoreboard?dates=2025&seasontype=1&week=4','2025-09-01 18:23:00.617'),(6,1,'info','Fetch week 5: https://site.api.espn.com/apis/site/v2/sports/football/nfl/scoreboard?dates=2025&seasontype=1&week=5','2025-09-01 18:23:00.826'),(7,1,'info','Fetch week 6: https://site.api.espn.com/apis/site/v2/sports/football/nfl/scoreboard?dates=2025&seasontype=1&week=6','2025-09-01 18:23:01.061'),(8,1,'info','No events for two weeks, stopping seasontype=1','2025-09-01 18:23:01.142'),(9,1,'info','Begin seasonType=2 (reg)','2025-09-01 18:23:01.147'),(10,1,'info','Fetch week 1: https://site.api.espn.com/apis/site/v2/sports/football/nfl/scoreboard?dates=2025&seasontype=2&week=1','2025-09-01 18:23:01.152'),(11,1,'info','Fetch week 2: https://site.api.espn.com/apis/site/v2/sports/football/nfl/scoreboard?dates=2025&seasontype=2&week=2','2025-09-01 18:23:01.410'),(12,1,'info','Fetch week 3: https://site.api.espn.com/apis/site/v2/sports/football/nfl/scoreboard?dates=2025&seasontype=2&week=3','2025-09-01 18:23:01.632'),(13,1,'info','Fetch week 4: https://site.api.espn.com/apis/site/v2/sports/football/nfl/scoreboard?dates=2025&seasontype=2&week=4','2025-09-01 18:23:01.839'),(14,1,'info','Fetch week 5: https://site.api.espn.com/apis/site/v2/sports/football/nfl/scoreboard?dates=2025&seasontype=2&week=5','2025-09-01 18:23:02.034'),(15,1,'info','Fetch week 6: https://site.api.espn.com/apis/site/v2/sports/football/nfl/scoreboard?dates=2025&seasontype=2&week=6','2025-09-01 18:23:02.402'),(16,1,'info','Fetch week 7: https://site.api.espn.com/apis/site/v2/sports/football/nfl/scoreboard?dates=2025&seasontype=2&week=7','2025-09-01 18:23:02.591'),(17,1,'info','Fetch week 8: https://site.api.espn.com/apis/site/v2/sports/football/nfl/scoreboard?dates=2025&seasontype=2&week=8','2025-09-01 18:23:02.786'),(18,1,'info','Fetch week 9: https://site.api.espn.com/apis/site/v2/sports/football/nfl/scoreboard?dates=2025&seasontype=2&week=9','2025-09-01 18:23:02.961'),(19,1,'info','Fetch week 10: https://site.api.espn.com/apis/site/v2/sports/football/nfl/scoreboard?dates=2025&seasontype=2&week=10','2025-09-01 18:23:03.148'),(20,1,'info','Fetch week 11: https://site.api.espn.com/apis/site/v2/sports/football/nfl/scoreboard?dates=2025&seasontype=2&week=11','2025-09-01 18:23:03.345'),(21,1,'info','Fetch week 12: https://site.api.espn.com/apis/site/v2/sports/football/nfl/scoreboard?dates=2025&seasontype=2&week=12','2025-09-01 18:23:03.951'),(22,1,'info','Fetch week 13: https://site.api.espn.com/apis/site/v2/sports/football/nfl/scoreboard?dates=2025&seasontype=2&week=13','2025-09-01 18:23:04.146'),(23,1,'info','Fetch week 14: https://site.api.espn.com/apis/site/v2/sports/football/nfl/scoreboard?dates=2025&seasontype=2&week=14','2025-09-01 18:23:04.399'),(24,1,'info','Fetch week 15: https://site.api.espn.com/apis/site/v2/sports/football/nfl/scoreboard?dates=2025&seasontype=2&week=15','2025-09-01 18:23:04.586'),(25,1,'info','Fetch week 16: https://site.api.espn.com/apis/site/v2/sports/football/nfl/scoreboard?dates=2025&seasontype=2&week=16','2025-09-01 18:23:05.189'),(26,1,'info','Fetch week 17: https://site.api.espn.com/apis/site/v2/sports/football/nfl/scoreboard?dates=2025&seasontype=2&week=17','2025-09-01 18:23:05.400'),(27,1,'info','Fetch week 18: https://site.api.espn.com/apis/site/v2/sports/football/nfl/scoreboard?dates=2025&seasontype=2&week=18','2025-09-01 18:23:05.662'),(28,1,'info','Fetch week 19: https://site.api.espn.com/apis/site/v2/sports/football/nfl/scoreboard?dates=2025&seasontype=2&week=19','2025-09-01 18:23:05.902'),(29,1,'info','Fetch week 20: https://site.api.espn.com/apis/site/v2/sports/football/nfl/scoreboard?dates=2025&seasontype=2&week=20','2025-09-01 18:23:05.986'),(30,1,'info','No events for two weeks, stopping seasontype=2','2025-09-01 18:23:06.078'),(31,2,'info','Begin seasonType=1 (pre)','2025-09-01 18:25:04.537'),(32,2,'info','Fetch week 1: https://site.api.espn.com/apis/site/v2/sports/football/nfl/scoreboard?dates=2025&seasontype=1&week=1','2025-09-01 18:25:04.542'),(33,2,'info','Fetch week 2: https://site.api.espn.com/apis/site/v2/sports/football/nfl/scoreboard?dates=2025&seasontype=1&week=2','2025-09-01 18:25:04.717'),(34,2,'info','Fetch week 3: https://site.api.espn.com/apis/site/v2/sports/football/nfl/scoreboard?dates=2025&seasontype=1&week=3','2025-09-01 18:25:04.989'),(35,2,'info','Fetch week 4: https://site.api.espn.com/apis/site/v2/sports/football/nfl/scoreboard?dates=2025&seasontype=1&week=4','2025-09-01 18:25:05.224'),(36,2,'info','Fetch week 5: https://site.api.espn.com/apis/site/v2/sports/football/nfl/scoreboard?dates=2025&seasontype=1&week=5','2025-09-01 18:25:05.442'),(37,2,'info','Fetch week 6: https://site.api.espn.com/apis/site/v2/sports/football/nfl/scoreboard?dates=2025&seasontype=1&week=6','2025-09-01 18:25:05.516'),(38,2,'info','No events for two weeks, stopping seasontype=1','2025-09-01 18:25:05.784'),(39,2,'info','Begin seasonType=2 (reg)','2025-09-01 18:25:05.796'),(40,2,'info','Fetch week 1: https://site.api.espn.com/apis/site/v2/sports/football/nfl/scoreboard?dates=2025&seasontype=2&week=1','2025-09-01 18:25:05.801'),(41,2,'info','Fetch week 2: https://site.api.espn.com/apis/site/v2/sports/football/nfl/scoreboard?dates=2025&seasontype=2&week=2','2025-09-01 18:25:06.025'),(42,2,'info','Fetch week 3: https://site.api.espn.com/apis/site/v2/sports/football/nfl/scoreboard?dates=2025&seasontype=2&week=3','2025-09-01 18:25:06.263'),(43,2,'info','Fetch week 4: https://site.api.espn.com/apis/site/v2/sports/football/nfl/scoreboard?dates=2025&seasontype=2&week=4','2025-09-01 18:25:06.480'),(44,2,'info','Fetch week 5: https://site.api.espn.com/apis/site/v2/sports/football/nfl/scoreboard?dates=2025&seasontype=2&week=5','2025-09-01 18:25:06.700'),(45,2,'info','Fetch week 6: https://site.api.espn.com/apis/site/v2/sports/football/nfl/scoreboard?dates=2025&seasontype=2&week=6','2025-09-01 18:25:06.905'),(46,2,'info','Fetch week 7: https://site.api.espn.com/apis/site/v2/sports/football/nfl/scoreboard?dates=2025&seasontype=2&week=7','2025-09-01 18:25:07.137'),(47,2,'info','Fetch week 8: https://site.api.espn.com/apis/site/v2/sports/football/nfl/scoreboard?dates=2025&seasontype=2&week=8','2025-09-01 18:25:07.351'),(48,2,'info','Fetch week 9: https://site.api.espn.com/apis/site/v2/sports/football/nfl/scoreboard?dates=2025&seasontype=2&week=9','2025-09-01 18:25:07.539'),(49,2,'info','Fetch week 10: https://site.api.espn.com/apis/site/v2/sports/football/nfl/scoreboard?dates=2025&seasontype=2&week=10','2025-09-01 18:25:07.743'),(50,2,'info','Fetch week 11: https://site.api.espn.com/apis/site/v2/sports/football/nfl/scoreboard?dates=2025&seasontype=2&week=11','2025-09-01 18:25:08.373'),(51,2,'info','Fetch week 12: https://site.api.espn.com/apis/site/v2/sports/football/nfl/scoreboard?dates=2025&seasontype=2&week=12','2025-09-01 18:25:08.581'),(52,2,'info','Fetch week 13: https://site.api.espn.com/apis/site/v2/sports/football/nfl/scoreboard?dates=2025&seasontype=2&week=13','2025-09-01 18:25:08.783'),(53,2,'info','Fetch week 14: https://site.api.espn.com/apis/site/v2/sports/football/nfl/scoreboard?dates=2025&seasontype=2&week=14','2025-09-01 18:25:09.052'),(54,2,'info','Fetch week 15: https://site.api.espn.com/apis/site/v2/sports/football/nfl/scoreboard?dates=2025&seasontype=2&week=15','2025-09-01 18:25:09.604'),(55,2,'info','Fetch week 16: https://site.api.espn.com/apis/site/v2/sports/football/nfl/scoreboard?dates=2025&seasontype=2&week=16','2025-09-01 18:25:09.828'),(56,2,'info','Fetch week 17: https://site.api.espn.com/apis/site/v2/sports/football/nfl/scoreboard?dates=2025&seasontype=2&week=17','2025-09-01 18:25:10.045'),(57,2,'info','Fetch week 18: https://site.api.espn.com/apis/site/v2/sports/football/nfl/scoreboard?dates=2025&seasontype=2&week=18','2025-09-01 18:25:10.567'),(58,2,'info','Fetch week 19: https://site.api.espn.com/apis/site/v2/sports/football/nfl/scoreboard?dates=2025&seasontype=2&week=19','2025-09-01 18:25:10.778'),(59,2,'info','Fetch week 20: https://site.api.espn.com/apis/site/v2/sports/football/nfl/scoreboard?dates=2025&seasontype=2&week=20','2025-09-01 18:25:10.850'),(60,2,'info','No events for two weeks, stopping seasontype=2','2025-09-01 18:25:10.926'),(61,3,'info','Begin seasonType=1 (pre)','2025-09-01 18:25:59.551'),(62,3,'info','Fetch week 1: https://site.api.espn.com/apis/site/v2/sports/football/nfl/scoreboard?dates=2025&seasontype=1&week=1','2025-09-01 18:25:59.556'),(63,3,'info','Fetch week 2: https://site.api.espn.com/apis/site/v2/sports/football/nfl/scoreboard?dates=2025&seasontype=1&week=2','2025-09-01 18:25:59.736'),(64,3,'info','Fetch week 3: https://site.api.espn.com/apis/site/v2/sports/football/nfl/scoreboard?dates=2025&seasontype=1&week=3','2025-09-01 18:26:00.309'),(65,3,'info','Fetch week 4: https://site.api.espn.com/apis/site/v2/sports/football/nfl/scoreboard?dates=2025&seasontype=1&week=4','2025-09-01 18:26:00.806'),(66,3,'info','Fetch week 5: https://site.api.espn.com/apis/site/v2/sports/football/nfl/scoreboard?dates=2025&seasontype=1&week=5','2025-09-01 18:26:01.068'),(67,3,'info','Fetch week 6: https://site.api.espn.com/apis/site/v2/sports/football/nfl/scoreboard?dates=2025&seasontype=1&week=6','2025-09-01 18:26:01.149'),(68,3,'info','No events for two weeks, stopping seasontype=1','2025-09-01 18:26:01.227'),(69,3,'info','Begin seasonType=2 (reg)','2025-09-01 18:26:01.233'),(70,3,'info','Fetch week 1: https://site.api.espn.com/apis/site/v2/sports/football/nfl/scoreboard?dates=2025&seasontype=2&week=1','2025-09-01 18:26:01.239'),(71,3,'info','Fetch week 2: https://site.api.espn.com/apis/site/v2/sports/football/nfl/scoreboard?dates=2025&seasontype=2&week=2','2025-09-01 18:26:01.475'),(72,3,'info','Fetch week 3: https://site.api.espn.com/apis/site/v2/sports/football/nfl/scoreboard?dates=2025&seasontype=2&week=3','2025-09-01 18:26:01.945'),(73,3,'info','Fetch week 4: https://site.api.espn.com/apis/site/v2/sports/football/nfl/scoreboard?dates=2025&seasontype=2&week=4','2025-09-01 18:26:02.177'),(74,3,'info','Fetch week 5: https://site.api.espn.com/apis/site/v2/sports/football/nfl/scoreboard?dates=2025&seasontype=2&week=5','2025-09-01 18:26:02.405'),(75,3,'info','Fetch week 6: https://site.api.espn.com/apis/site/v2/sports/football/nfl/scoreboard?dates=2025&seasontype=2&week=6','2025-09-01 18:26:02.594'),(76,3,'info','Fetch week 7: https://site.api.espn.com/apis/site/v2/sports/football/nfl/scoreboard?dates=2025&seasontype=2&week=7','2025-09-01 18:26:02.938'),(77,3,'info','Fetch week 8: https://site.api.espn.com/apis/site/v2/sports/football/nfl/scoreboard?dates=2025&seasontype=2&week=8','2025-09-01 18:26:03.145'),(78,3,'info','Fetch week 9: https://site.api.espn.com/apis/site/v2/sports/football/nfl/scoreboard?dates=2025&seasontype=2&week=9','2025-09-01 18:26:03.334'),(79,3,'info','Fetch week 10: https://site.api.espn.com/apis/site/v2/sports/football/nfl/scoreboard?dates=2025&seasontype=2&week=10','2025-09-01 18:26:03.583'),(80,3,'info','Fetch week 11: https://site.api.espn.com/apis/site/v2/sports/football/nfl/scoreboard?dates=2025&seasontype=2&week=11','2025-09-01 18:26:03.776'),(81,3,'info','Fetch week 12: https://site.api.espn.com/apis/site/v2/sports/football/nfl/scoreboard?dates=2025&seasontype=2&week=12','2025-09-01 18:26:04.289'),(82,3,'info','Fetch week 13: https://site.api.espn.com/apis/site/v2/sports/football/nfl/scoreboard?dates=2025&seasontype=2&week=13','2025-09-01 18:26:04.951'),(83,3,'info','Fetch week 14: https://site.api.espn.com/apis/site/v2/sports/football/nfl/scoreboard?dates=2025&seasontype=2&week=14','2025-09-01 18:26:05.172'),(84,3,'info','Fetch week 15: https://site.api.espn.com/apis/site/v2/sports/football/nfl/scoreboard?dates=2025&seasontype=2&week=15','2025-09-01 18:26:05.833'),(85,3,'info','Fetch week 16: https://site.api.espn.com/apis/site/v2/sports/football/nfl/scoreboard?dates=2025&seasontype=2&week=16','2025-09-01 18:26:06.059'),(86,3,'info','Fetch week 17: https://site.api.espn.com/apis/site/v2/sports/football/nfl/scoreboard?dates=2025&seasontype=2&week=17','2025-09-01 18:26:06.331'),(87,3,'info','Fetch week 18: https://site.api.espn.com/apis/site/v2/sports/football/nfl/scoreboard?dates=2025&seasontype=2&week=18','2025-09-01 18:26:06.761'),(88,3,'info','Fetch week 19: https://site.api.espn.com/apis/site/v2/sports/football/nfl/scoreboard?dates=2025&seasontype=2&week=19','2025-09-01 18:26:07.224'),(89,3,'info','Fetch week 20: https://site.api.espn.com/apis/site/v2/sports/football/nfl/scoreboard?dates=2025&seasontype=2&week=20','2025-09-01 18:26:07.297'),(90,3,'info','No events for two weeks, stopping seasontype=2','2025-09-01 18:26:07.375'),(91,4,'info','Begin seasonType=1 (pre)','2025-09-01 18:26:16.547'),(92,4,'info','Fetch week 1: https://site.api.espn.com/apis/site/v2/sports/football/nfl/scoreboard?dates=2025&seasontype=1&week=1','2025-09-01 18:26:16.553'),(93,4,'info','Fetch week 2: https://site.api.espn.com/apis/site/v2/sports/football/nfl/scoreboard?dates=2025&seasontype=1&week=2','2025-09-01 18:26:16.737'),(94,4,'info','Fetch week 3: https://site.api.espn.com/apis/site/v2/sports/football/nfl/scoreboard?dates=2025&seasontype=1&week=3','2025-09-01 18:26:16.960'),(95,4,'info','Fetch week 4: https://site.api.espn.com/apis/site/v2/sports/football/nfl/scoreboard?dates=2025&seasontype=1&week=4','2025-09-01 18:26:17.176'),(96,4,'info','Fetch week 5: https://site.api.espn.com/apis/site/v2/sports/football/nfl/scoreboard?dates=2025&seasontype=1&week=5','2025-09-01 18:26:17.396'),(97,4,'info','Fetch week 6: https://site.api.espn.com/apis/site/v2/sports/football/nfl/scoreboard?dates=2025&seasontype=1&week=6','2025-09-01 18:26:17.413'),(98,4,'info','No events for two weeks, stopping seasontype=1','2025-09-01 18:26:17.432'),(99,4,'info','Begin seasonType=2 (reg)','2025-09-01 18:26:17.437'),(100,4,'info','Fetch week 1: https://site.api.espn.com/apis/site/v2/sports/football/nfl/scoreboard?dates=2025&seasontype=2&week=1','2025-09-01 18:26:17.442'),(101,4,'info','Fetch week 2: https://site.api.espn.com/apis/site/v2/sports/football/nfl/scoreboard?dates=2025&seasontype=2&week=2','2025-09-01 18:26:17.710'),(102,4,'info','Fetch week 3: https://site.api.espn.com/apis/site/v2/sports/football/nfl/scoreboard?dates=2025&seasontype=2&week=3','2025-09-01 18:26:18.129'),(103,4,'info','Fetch week 4: https://site.api.espn.com/apis/site/v2/sports/football/nfl/scoreboard?dates=2025&seasontype=2&week=4','2025-09-01 18:26:18.360'),(104,4,'info','Fetch week 5: https://site.api.espn.com/apis/site/v2/sports/football/nfl/scoreboard?dates=2025&seasontype=2&week=5','2025-09-01 18:26:18.573'),(105,4,'info','Fetch week 6: https://site.api.espn.com/apis/site/v2/sports/football/nfl/scoreboard?dates=2025&seasontype=2&week=6','2025-09-01 18:26:18.776'),(106,4,'info','Fetch week 7: https://site.api.espn.com/apis/site/v2/sports/football/nfl/scoreboard?dates=2025&seasontype=2&week=7','2025-09-01 18:26:19.340'),(107,4,'info','Fetch week 8: https://site.api.espn.com/apis/site/v2/sports/football/nfl/scoreboard?dates=2025&seasontype=2&week=8','2025-09-01 18:26:19.548'),(108,4,'info','Fetch week 9: https://site.api.espn.com/apis/site/v2/sports/football/nfl/scoreboard?dates=2025&seasontype=2&week=9','2025-09-01 18:26:19.745'),(109,4,'info','Fetch week 10: https://site.api.espn.com/apis/site/v2/sports/football/nfl/scoreboard?dates=2025&seasontype=2&week=10','2025-09-01 18:26:19.944'),(110,4,'info','Fetch week 11: https://site.api.espn.com/apis/site/v2/sports/football/nfl/scoreboard?dates=2025&seasontype=2&week=11','2025-09-01 18:26:20.156'),(111,4,'info','Fetch week 12: https://site.api.espn.com/apis/site/v2/sports/football/nfl/scoreboard?dates=2025&seasontype=2&week=12','2025-09-01 18:26:20.366'),(112,4,'info','Fetch week 13: https://site.api.espn.com/apis/site/v2/sports/football/nfl/scoreboard?dates=2025&seasontype=2&week=13','2025-09-01 18:26:20.571'),(113,4,'info','Fetch week 14: https://site.api.espn.com/apis/site/v2/sports/football/nfl/scoreboard?dates=2025&seasontype=2&week=14','2025-09-01 18:26:20.880'),(114,4,'info','Fetch week 15: https://site.api.espn.com/apis/site/v2/sports/football/nfl/scoreboard?dates=2025&seasontype=2&week=15','2025-09-01 18:26:21.130'),(115,4,'info','Fetch week 16: https://site.api.espn.com/apis/site/v2/sports/football/nfl/scoreboard?dates=2025&seasontype=2&week=16','2025-09-01 18:26:21.498'),(116,4,'info','Fetch week 17: https://site.api.espn.com/apis/site/v2/sports/football/nfl/scoreboard?dates=2025&seasontype=2&week=17','2025-09-01 18:26:21.805'),(117,4,'info','Fetch week 18: https://site.api.espn.com/apis/site/v2/sports/football/nfl/scoreboard?dates=2025&seasontype=2&week=18','2025-09-01 18:26:22.017'),(118,4,'info','Fetch week 19: https://site.api.espn.com/apis/site/v2/sports/football/nfl/scoreboard?dates=2025&seasontype=2&week=19','2025-09-01 18:26:22.488'),(119,4,'info','Fetch week 20: https://site.api.espn.com/apis/site/v2/sports/football/nfl/scoreboard?dates=2025&seasontype=2&week=20','2025-09-01 18:26:22.508'),(120,4,'info','No events for two weeks, stopping seasontype=2','2025-09-01 18:26:22.525'),(121,5,'info','Begin seasonType=1 (pre)','2025-09-01 18:36:39.230'),(122,5,'info','Fetch week 1: https://site.api.espn.com/apis/site/v2/sports/football/nfl/scoreboard?dates=2025&seasontype=1&week=1','2025-09-01 18:36:39.236'),(123,5,'info','Fetch week 2: https://site.api.espn.com/apis/site/v2/sports/football/nfl/scoreboard?dates=2025&seasontype=1&week=2','2025-09-01 18:36:39.416'),(124,5,'info','Fetch week 3: https://site.api.espn.com/apis/site/v2/sports/football/nfl/scoreboard?dates=2025&seasontype=1&week=3','2025-09-01 18:36:39.526'),(125,5,'info','Fetch week 4: https://site.api.espn.com/apis/site/v2/sports/football/nfl/scoreboard?dates=2025&seasontype=1&week=4','2025-09-01 18:36:39.626'),(126,5,'info','Fetch week 5: https://site.api.espn.com/apis/site/v2/sports/football/nfl/scoreboard?dates=2025&seasontype=1&week=5','2025-09-01 18:36:39.978'),(127,5,'info','Fetch week 6: https://site.api.espn.com/apis/site/v2/sports/football/nfl/scoreboard?dates=2025&seasontype=1&week=6','2025-09-01 18:36:40.076'),(128,5,'info','No events for two weeks, stopping seasontype=1','2025-09-01 18:36:40.370'),(129,5,'info','Begin seasonType=2 (reg)','2025-09-01 18:36:40.377'),(130,5,'info','Fetch week 1: https://site.api.espn.com/apis/site/v2/sports/football/nfl/scoreboard?dates=2025&seasontype=2&week=1','2025-09-01 18:36:40.383'),(131,5,'info','Fetch week 2: https://site.api.espn.com/apis/site/v2/sports/football/nfl/scoreboard?dates=2025&seasontype=2&week=2','2025-09-01 18:36:40.449'),(132,5,'info','Fetch week 3: https://site.api.espn.com/apis/site/v2/sports/football/nfl/scoreboard?dates=2025&seasontype=2&week=3','2025-09-01 18:36:40.555'),(133,5,'info','Fetch week 4: https://site.api.espn.com/apis/site/v2/sports/football/nfl/scoreboard?dates=2025&seasontype=2&week=4','2025-09-01 18:36:40.668'),(134,5,'info','Fetch week 5: https://site.api.espn.com/apis/site/v2/sports/football/nfl/scoreboard?dates=2025&seasontype=2&week=5','2025-09-01 18:36:40.754'),(135,5,'info','Fetch week 6: https://site.api.espn.com/apis/site/v2/sports/football/nfl/scoreboard?dates=2025&seasontype=2&week=6','2025-09-01 18:36:40.817'),(136,5,'info','Fetch week 7: https://site.api.espn.com/apis/site/v2/sports/football/nfl/scoreboard?dates=2025&seasontype=2&week=7','2025-09-01 18:36:41.325'),(137,5,'info','Fetch week 8: https://site.api.espn.com/apis/site/v2/sports/football/nfl/scoreboard?dates=2025&seasontype=2&week=8','2025-09-01 18:36:41.444'),(138,5,'info','Fetch week 9: https://site.api.espn.com/apis/site/v2/sports/football/nfl/scoreboard?dates=2025&seasontype=2&week=9','2025-09-01 18:36:41.540'),(139,5,'info','Fetch week 10: https://site.api.espn.com/apis/site/v2/sports/football/nfl/scoreboard?dates=2025&seasontype=2&week=10','2025-09-01 18:36:41.646'),(140,5,'info','Fetch week 11: https://site.api.espn.com/apis/site/v2/sports/football/nfl/scoreboard?dates=2025&seasontype=2&week=11','2025-09-01 18:36:41.954'),(141,5,'info','Fetch week 12: https://site.api.espn.com/apis/site/v2/sports/football/nfl/scoreboard?dates=2025&seasontype=2&week=12','2025-09-01 18:36:42.117'),(142,5,'info','Fetch week 13: https://site.api.espn.com/apis/site/v2/sports/football/nfl/scoreboard?dates=2025&seasontype=2&week=13','2025-09-01 18:36:42.232'),(143,5,'info','Fetch week 14: https://site.api.espn.com/apis/site/v2/sports/football/nfl/scoreboard?dates=2025&seasontype=2&week=14','2025-09-01 18:36:42.350'),(144,5,'info','Fetch week 15: https://site.api.espn.com/apis/site/v2/sports/football/nfl/scoreboard?dates=2025&seasontype=2&week=15','2025-09-01 18:36:42.465'),(145,5,'info','Fetch week 16: https://site.api.espn.com/apis/site/v2/sports/football/nfl/scoreboard?dates=2025&seasontype=2&week=16','2025-09-01 18:36:42.603'),(146,5,'info','Fetch week 17: https://site.api.espn.com/apis/site/v2/sports/football/nfl/scoreboard?dates=2025&seasontype=2&week=17','2025-09-01 18:36:42.733'),(147,5,'info','Fetch week 18: https://site.api.espn.com/apis/site/v2/sports/football/nfl/scoreboard?dates=2025&seasontype=2&week=18','2025-09-01 18:36:43.178'),(148,5,'info','Fetch week 19: https://site.api.espn.com/apis/site/v2/sports/football/nfl/scoreboard?dates=2025&seasontype=2&week=19','2025-09-01 18:36:43.295'),(149,5,'info','Fetch week 20: https://site.api.espn.com/apis/site/v2/sports/football/nfl/scoreboard?dates=2025&seasontype=2&week=20','2025-09-01 18:36:43.371'),(150,5,'info','No events for two weeks, stopping seasontype=2','2025-09-01 18:36:43.458');
/*!40000 ALTER TABLE `JobLog` ENABLE KEYS */;
UNLOCK TABLES;

--
-- Table structure for table `Person`
--

DROP TABLE IF EXISTS `Person`;
/*!40101 SET @saved_cs_client     = @@character_set_client */;
/*!50503 SET character_set_client = utf8mb4 */;
CREATE TABLE `Person` (
  `pid` int NOT NULL AUTO_INCREMENT,
  `userName` varchar(25) NOT NULL,
  `emailAddress` varchar(75) NOT NULL,
  `password` varchar(25) NOT NULL,
  `firstName` varchar(25) NOT NULL,
  `lastName` varchar(35) NOT NULL,
  PRIMARY KEY (`pid`)
) ENGINE=InnoDB DEFAULT CHARSET=utf8mb4 COLLATE=utf8mb4_0900_ai_ci;
/*!40101 SET character_set_client = @saved_cs_client */;

--
-- Dumping data for table `Person`
--

LOCK TABLES `Person` WRITE;
/*!40000 ALTER TABLE `Person` DISABLE KEYS */;
/*!40000 ALTER TABLE `Person` ENABLE KEYS */;
UNLOCK TABLES;

--
-- Table structure for table `Player`
--

DROP TABLE IF EXISTS `Player`;
/*!40101 SET @saved_cs_client     = @@character_set_client */;
/*!50503 SET character_set_client = utf8mb4 */;
CREATE TABLE `Player` (
  `id` int NOT NULL AUTO_INCREMENT,
  `firstName` varchar(45) NOT NULL,
  `lastName` varchar(45) NOT NULL,
  `age` int NOT NULL,
  `height` float DEFAULT NULL,
  `weight` float DEFAULT NULL,
  `handSize` float DEFAULT NULL,
  `armLength` float DEFAULT NULL,
  `homeCity` varchar(45) DEFAULT NULL,
  `homeState` varchar(45) DEFAULT NULL,
  `university` varchar(75) DEFAULT NULL,
  `status` varchar(45) DEFAULT NULL,
  `position` varchar(75) DEFAULT NULL,
  `pickId` int DEFAULT NULL,
  `combineScoreId` int DEFAULT NULL,
  `prospectId` int DEFAULT NULL,
  `yearEnteredLeague` year DEFAULT NULL,
  PRIMARY KEY (`id`),
  KEY `fk_Player_Prospect` (`prospectId`),
  CONSTRAINT `fk_Player_Prospect` FOREIGN KEY (`prospectId`) REFERENCES `Prospect` (`id`) ON DELETE SET NULL ON UPDATE CASCADE
) ENGINE=InnoDB AUTO_INCREMENT=392 DEFAULT CHARSET=utf8mb4 COLLATE=utf8mb4_0900_ai_ci;
/*!40101 SET character_set_client = @saved_cs_client */;

--
-- Dumping data for table `Player`
--

LOCK TABLES `Player` WRITE;
/*!40000 ALTER TABLE `Player` DISABLE KEYS */;
INSERT INTO `Player` VALUES (19,'Patrick','Mahomes',28,6.1,200,NULL,NULL,NULL,NULL,'Texas Tech',NULL,'QB',NULL,NULL,NULL,NULL),(22,'Xavier','Worthy',21,5.11,200,NULL,NULL,NULL,NULL,'University of Texas',NULL,'WR',NULL,NULL,NULL,NULL),(25,'Skyy','Moore',23,510,0,10,0,'','','Michigan State',NULL,'WR',NULL,NULL,NULL,NULL),(26,'Mecole','Hardman',28,510,0,10,0,'','','LSU',NULL,'WR',NULL,NULL,NULL,NULL),(27,'Tyreek','Hill',30,510,190,95,31,'','','Texas A&M',NULL,'WR',NULL,NULL,NULL,NULL),(28,'Chris','Jones',30,66,310,10,36,'','','Mississippi State',NULL,'DE',NULL,NULL,NULL,NULL),(45,'Kelvin','Banks Jr.',22,6.1,200,NULL,NULL,NULL,NULL,'Texas',NULL,'OT',NULL,NULL,NULL,NULL),(391,'Tai','Felton',22,6011,185,NULL,NULL,NULL,NULL,'Maryland',NULL,'WR',NULL,NULL,NULL,NULL);
/*!40000 ALTER TABLE `Player` ENABLE KEYS */;
UNLOCK TABLES;

--
-- Table structure for table `PlayerAward`
--

DROP TABLE IF EXISTS `PlayerAward`;
/*!40101 SET @saved_cs_client     = @@character_set_client */;
/*!50503 SET character_set_client = utf8mb4 */;
CREATE TABLE `PlayerAward` (
  `id` int NOT NULL AUTO_INCREMENT,
  `playerId` int NOT NULL,
  `awardName` varchar(45) DEFAULT NULL,
  `yearAwarded` int DEFAULT NULL,
  PRIMARY KEY (`id`),
  KEY `FK_Player_Awards_idx` (`playerId`),
  CONSTRAINT `FK_Player_Awards` FOREIGN KEY (`playerId`) REFERENCES `Player` (`id`)
) ENGINE=InnoDB AUTO_INCREMENT=13 DEFAULT CHARSET=utf8mb4 COLLATE=utf8mb4_0900_ai_ci;
/*!40101 SET character_set_client = @saved_cs_client */;

--
-- Dumping data for table `PlayerAward`
--

LOCK TABLES `PlayerAward` WRITE;
/*!40000 ALTER TABLE `PlayerAward` DISABLE KEYS */;
INSERT INTO `PlayerAward` VALUES (1,19,'Regular Season MVP',2019),(2,19,'SuperBowl MVP',2021),(3,19,'Regular Season MVP',2023),(4,19,'SuperBowl MVP',2023),(5,19,'Best NFL Player ESPY Award',2019),(6,19,'Best NFL Player ESPY Award',2023),(7,19,'AP Most Valuable Player',2018),(8,19,'AP Most Valuable Player',2019),(9,19,'AP Most Valuable Player',2023),(10,27,NULL,NULL),(11,27,NULL,NULL),(12,27,NULL,NULL);
/*!40000 ALTER TABLE `PlayerAward` ENABLE KEYS */;
UNLOCK TABLES;

--
-- Table structure for table `PlayerTeam`
--

DROP TABLE IF EXISTS `PlayerTeam`;
/*!40101 SET @saved_cs_client     = @@character_set_client */;
/*!50503 SET character_set_client = utf8mb4 */;
CREATE TABLE `PlayerTeam` (
  `id` int NOT NULL AUTO_INCREMENT,
  `playerId` int NOT NULL,
  `teamId` int NOT NULL,
  `currentTeam` tinyint(1) NOT NULL DEFAULT '0',
  `startDate` date DEFAULT NULL,
  `endDate` date DEFAULT NULL,
  `jerseyNumber` int DEFAULT NULL,
  `contractValue` int DEFAULT NULL,
  `contractLength` int DEFAULT NULL,
  PRIMARY KEY (`id`),
  KEY `fk_PlayerTeam_Player_idx` (`playerId`),
  KEY `fk_PlayerTeam_Team_idx` (`teamId`),
  CONSTRAINT `fk_PlayerTeam_Player` FOREIGN KEY (`playerId`) REFERENCES `Player` (`id`) ON DELETE CASCADE ON UPDATE CASCADE,
  CONSTRAINT `fk_PlayerTeam_Team` FOREIGN KEY (`teamId`) REFERENCES `Team` (`id`) ON DELETE CASCADE ON UPDATE CASCADE
) ENGINE=InnoDB AUTO_INCREMENT=9 DEFAULT CHARSET=utf8mb4 COLLATE=utf8mb4_0900_ai_ci;
/*!40101 SET character_set_client = @saved_cs_client */;

--
-- Dumping data for table `PlayerTeam`
--

LOCK TABLES `PlayerTeam` WRITE;
/*!40000 ALTER TABLE `PlayerTeam` DISABLE KEYS */;
INSERT INTO `PlayerTeam` VALUES (1,19,78,0,NULL,NULL,NULL,NULL,NULL),(2,22,78,0,NULL,NULL,NULL,NULL,NULL),(3,25,78,0,NULL,NULL,NULL,NULL,NULL),(4,26,78,0,NULL,NULL,NULL,NULL,NULL),(5,28,78,0,NULL,NULL,NULL,NULL,NULL),(6,45,92,1,'2025-09-01',NULL,NULL,NULL,NULL),(7,19,78,1,NULL,NULL,NULL,NULL,NULL),(8,27,78,1,NULL,NULL,NULL,NULL,NULL);
/*!40000 ALTER TABLE `PlayerTeam` ENABLE KEYS */;
UNLOCK TABLES;

--
-- Table structure for table `PostSeasonResult`
--

DROP TABLE IF EXISTS `PostSeasonResult`;
/*!40101 SET @saved_cs_client     = @@character_set_client */;
/*!50503 SET character_set_client = utf8mb4 */;
CREATE TABLE `PostSeasonResult` (
  `id` int NOT NULL AUTO_INCREMENT,
  `playoffYear` year DEFAULT NULL,
  `lastRoundReached` varchar(45) DEFAULT NULL,
  `winLose` varchar(1) DEFAULT NULL,
  `opponentScore` int DEFAULT NULL,
  `teamScore` int DEFAULT NULL,
  `teamId` int DEFAULT NULL,
  PRIMARY KEY (`id`),
  KEY `fk_Team_idx` (`teamId`),
  CONSTRAINT `fk_Team` FOREIGN KEY (`teamId`) REFERENCES `Team` (`id`) ON DELETE RESTRICT ON UPDATE RESTRICT
) ENGINE=InnoDB DEFAULT CHARSET=utf8mb4 COLLATE=utf8mb4_0900_ai_ci;
/*!40101 SET character_set_client = @saved_cs_client */;

--
-- Dumping data for table `PostSeasonResult`
--

LOCK TABLES `PostSeasonResult` WRITE;
/*!40000 ALTER TABLE `PostSeasonResult` DISABLE KEYS */;
/*!40000 ALTER TABLE `PostSeasonResult` ENABLE KEYS */;
UNLOCK TABLES;

--
-- Table structure for table `Prospect`
--

DROP TABLE IF EXISTS `Prospect`;
/*!40101 SET @saved_cs_client     = @@character_set_client */;
/*!50503 SET character_set_client = utf8mb4 */;
CREATE TABLE `Prospect` (
  `id` int NOT NULL AUTO_INCREMENT,
  `firstName` varchar(45) NOT NULL,
  `lastName` varchar(45) NOT NULL,
  `position` varchar(10) NOT NULL,
  `college` varchar(75) NOT NULL,
  `height` float NOT NULL,
  `weight` float NOT NULL,
  `handSize` float DEFAULT NULL,
  `armLength` float DEFAULT NULL,
  `homeCity` varchar(45) DEFAULT NULL,
  `homeState` varchar(45) DEFAULT NULL,
  `fortyTime` float DEFAULT NULL,
  `tenYardSplit` float DEFAULT NULL,
  `verticalLeap` float DEFAULT NULL,
  `broadJump` float(5,2) DEFAULT NULL,
  `threeCone` float DEFAULT NULL,
  `twentyYardShuttle` float DEFAULT NULL,
  `benchPress` int DEFAULT NULL,
  `drafted` tinyint(1) NOT NULL DEFAULT '0',
  `draftYear` year DEFAULT NULL,
  `teamId` int DEFAULT NULL,
  `draftPickId` int DEFAULT NULL,
  `createdAt` timestamp NULL DEFAULT CURRENT_TIMESTAMP,
  `updatedAt` timestamp NULL DEFAULT CURRENT_TIMESTAMP ON UPDATE CURRENT_TIMESTAMP,
  PRIMARY KEY (`id`),
  KEY `idx_prospect_name` (`lastName`,`firstName`),
  KEY `idx_prospect_position` (`position`),
  KEY `idx_prospect_college` (`college`),
  KEY `idx_prospect_drafted` (`drafted`),
  KEY `fk_Prospect_Team_idx` (`teamId`),
  KEY `fk_Prospect_DraftPick` (`draftPickId`),
  CONSTRAINT `fk_Prospect_DraftPick` FOREIGN KEY (`draftPickId`) REFERENCES `DraftPick` (`id`) ON DELETE SET NULL ON UPDATE CASCADE,
  CONSTRAINT `fk_Prospect_Team` FOREIGN KEY (`teamId`) REFERENCES `Team` (`id`) ON DELETE SET NULL ON UPDATE CASCADE
) ENGINE=InnoDB AUTO_INCREMENT=900 DEFAULT CHARSET=utf8mb4 COLLATE=utf8mb4_0900_ai_ci;
/*!40101 SET character_set_client = @saved_cs_client */;

--
-- Dumping data for table `Prospect`
--

LOCK TABLES `Prospect` WRITE;
/*!40000 ALTER TABLE `Prospect` DISABLE KEYS */;
INSERT INTO `Prospect` VALUES (1,'Marvin','Harrison Jr','WR','Ohio State',6.3,209,9,32,'Philadelphia','PA',NULL,NULL,NULL,NULL,NULL,NULL,NULL,1,2024,NULL,NULL,'2025-04-24 17:17:14','2025-04-24 17:17:14'),(2,'Marvin','Harrison Jr','WR','Ohio State',6.3,209,9,32,'Philadelphia','PA',NULL,NULL,NULL,NULL,NULL,NULL,NULL,1,2024,NULL,NULL,'2025-04-24 17:24:24','2025-04-24 17:24:24'),(536,'Marvin','Harrison Jr','WR','Ohio State',6.3,209,9,32,'Philadelphia','PA',NULL,NULL,NULL,NULL,NULL,NULL,NULL,0,NULL,NULL,NULL,'2025-05-06 17:02:47','2025-05-06 17:02:47'),(537,'Malik','Nabers','WR','LSU',6,200,9,32,'Youngsville','LA',NULL,NULL,NULL,NULL,NULL,NULL,NULL,0,NULL,NULL,NULL,'2025-05-06 17:02:47','2025-05-06 17:02:47'),(538,'Xavier','Legette','WR','South Carolina U',61,221,9,32,'Mullins','SC',NULL,NULL,NULL,NULL,NULL,NULL,NULL,0,NULL,NULL,NULL,'2025-05-06 17:02:47','2025-05-06 17:02:47'),(539,'Brian','Thomas','WR','LSU',63,209,10,33,'Baton Rouge','LA',NULL,NULL,NULL,NULL,NULL,NULL,NULL,0,NULL,NULL,NULL,'2025-05-06 17:02:47','2025-05-06 17:02:47'),(540,'Adonai','Mitchell','WR','University of Texas',6.2,200,9,NULL,NULL,NULL,NULL,NULL,NULL,NULL,NULL,NULL,NULL,0,NULL,NULL,NULL,'2025-05-06 17:02:47','2025-05-06 17:02:47'),(541,'Keon','Coleman','WR','Florida State',63,213,9,32,'','',NULL,NULL,NULL,NULL,NULL,NULL,NULL,0,NULL,NULL,NULL,'2025-05-06 17:02:47','2025-05-06 17:02:47'),(542,'Roscoe','Fisher','','Cooly High',0,0,0,0,'','',NULL,NULL,NULL,NULL,NULL,NULL,NULL,0,NULL,NULL,NULL,'2025-05-06 17:02:47','2025-05-06 17:02:47'),(543,'Tyreek','Hill','WR','Texas A&M',510,190,95,31,'','',NULL,NULL,NULL,NULL,NULL,NULL,NULL,0,NULL,NULL,NULL,'2025-05-06 17:02:47','2025-05-06 17:02:47'),(544,'Shemar','Stewart','EDGE','Texas A&M',6.1,200,NULL,NULL,NULL,NULL,NULL,NULL,NULL,NULL,NULL,NULL,NULL,0,NULL,NULL,NULL,'2025-05-06 17:02:47','2025-05-06 17:02:47'),(545,'Travis','Hunter','CB','Colorado',6,186,NULL,NULL,NULL,NULL,NULL,NULL,NULL,NULL,NULL,NULL,NULL,0,NULL,NULL,NULL,'2025-05-06 17:02:47','2025-05-06 17:02:47'),(546,'Abdul','Carter','EDGE','Penn State',6.2,249,NULL,NULL,NULL,NULL,NULL,NULL,NULL,NULL,NULL,NULL,NULL,0,NULL,NULL,NULL,'2025-05-06 17:02:47','2025-05-06 17:02:47'),(547,'Cameron','Ward','QB','Miami (FL)',6,186,NULL,NULL,NULL,NULL,NULL,NULL,NULL,NULL,NULL,NULL,NULL,0,NULL,NULL,NULL,'2025-05-06 17:02:47','2025-05-06 17:02:47'),(548,'Mason','Graham','DL3T','Michigan',6.3,220,NULL,NULL,NULL,NULL,NULL,NULL,NULL,NULL,NULL,NULL,NULL,0,NULL,NULL,NULL,'2025-05-06 17:02:47','2025-05-06 17:02:47'),(549,'Ashton','Jeanty','RB','Boise State',6.4,296,NULL,NULL,NULL,NULL,NULL,NULL,NULL,NULL,NULL,NULL,NULL,0,NULL,NULL,NULL,'2025-05-06 17:02:47','2025-05-06 17:02:47'),(550,'Shedeur','Sanders','QB','Colorado',6.1,200,NULL,NULL,NULL,NULL,NULL,NULL,NULL,NULL,NULL,NULL,NULL,0,NULL,NULL,NULL,'2025-05-06 17:02:47','2025-05-06 17:02:47'),(551,'Tyler','Warren','TE','Penn State',6.1,200,NULL,NULL,NULL,NULL,NULL,NULL,NULL,NULL,NULL,NULL,NULL,0,NULL,NULL,NULL,'2025-05-06 17:02:47','2025-05-06 17:02:47'),(552,'Armand','Membou','OT','Missouri',6.1,200,NULL,NULL,NULL,NULL,NULL,NULL,NULL,NULL,NULL,NULL,NULL,0,NULL,NULL,NULL,'2025-05-06 17:02:47','2025-05-06 17:02:47'),(553,'Tetairoa','McMillan','WR','Arizon',6.1,200,NULL,NULL,NULL,NULL,NULL,NULL,NULL,NULL,NULL,NULL,NULL,0,NULL,NULL,NULL,'2025-05-06 17:02:47','2025-05-06 17:02:47'),(554,'Nick','Emmanwori','S','South Carolina',6.1,200,NULL,NULL,NULL,NULL,NULL,NULL,NULL,NULL,NULL,NULL,NULL,0,NULL,NULL,NULL,'2025-05-06 17:02:47','2025-05-06 17:02:47'),(555,'Mykel','Williams','EDGE','Georgia',6.1,200,NULL,NULL,NULL,NULL,NULL,NULL,NULL,NULL,NULL,NULL,NULL,0,NULL,NULL,NULL,'2025-05-06 17:02:47','2025-05-06 17:02:47'),(556,'Matthew','Golden','WR','Texas',6.1,200,NULL,NULL,NULL,NULL,NULL,NULL,NULL,NULL,NULL,NULL,NULL,0,NULL,NULL,NULL,'2025-05-06 17:02:47','2025-05-06 17:02:47'),(557,'Malaki','Starks','S','Georgia',6.1,200,NULL,NULL,NULL,NULL,NULL,NULL,NULL,NULL,NULL,NULL,NULL,0,NULL,NULL,NULL,'2025-05-06 17:02:47','2025-05-06 17:02:47'),(558,'Walter','Nolen','DL3T','Ole Miss',6.1,200,NULL,NULL,NULL,NULL,NULL,NULL,NULL,NULL,NULL,NULL,NULL,0,NULL,NULL,NULL,'2025-05-06 17:02:47','2025-05-06 17:02:47'),(559,'Will','Johnson','CB','Michigan',6.1,200,NULL,NULL,NULL,NULL,NULL,NULL,NULL,NULL,NULL,NULL,NULL,0,NULL,NULL,NULL,'2025-05-06 17:02:47','2025-05-06 17:02:47'),(560,'Derrick','Harmon','DL3T','Oregon',6.1,200,NULL,NULL,NULL,NULL,NULL,NULL,NULL,NULL,NULL,NULL,NULL,0,NULL,NULL,NULL,'2025-05-06 17:02:47','2025-05-06 17:02:47'),(561,'Luther','Burden III','WR','Missouri',6.1,200,NULL,NULL,NULL,NULL,NULL,NULL,NULL,NULL,NULL,NULL,NULL,0,NULL,NULL,NULL,'2025-05-06 17:02:47','2025-05-06 17:02:47'),(562,'Jalon','Walker','OLB','Georgia',6.1,200,NULL,NULL,NULL,NULL,NULL,NULL,NULL,NULL,NULL,NULL,NULL,0,NULL,NULL,NULL,'2025-05-06 17:02:47','2025-05-06 17:02:47'),(563,'Mike','Green','EDGE','Marshall',6.1,200,NULL,NULL,NULL,NULL,NULL,NULL,NULL,NULL,NULL,NULL,NULL,0,NULL,NULL,NULL,'2025-05-06 17:02:47','2025-05-06 17:02:47'),(564,'Donovan','Ezeiruaku','EDGE','Boston College',6.1,200,NULL,NULL,NULL,NULL,NULL,NULL,NULL,NULL,NULL,NULL,NULL,0,NULL,NULL,NULL,'2025-05-06 17:02:47','2025-05-06 17:02:47'),(565,'Jahdae','Barron','CB','Texas',6.1,200,NULL,NULL,NULL,NULL,NULL,NULL,NULL,NULL,NULL,NULL,NULL,0,NULL,NULL,NULL,'2025-05-06 17:02:47','2025-05-06 17:02:47'),(566,'Emeka','Egbuka','WR','Ohio State',6.1,200,NULL,NULL,NULL,NULL,NULL,NULL,NULL,NULL,NULL,NULL,NULL,0,NULL,NULL,NULL,'2025-05-06 17:02:47','2025-05-06 17:02:47'),(567,'Josh','Simmons','OT','Ohio State',6.1,200,NULL,NULL,NULL,NULL,NULL,NULL,NULL,NULL,NULL,NULL,NULL,0,NULL,NULL,NULL,'2025-05-06 17:02:47','2025-05-06 17:02:47'),(568,'James','Pearce Jr.','EDGE','Tennessee',6.1,200,NULL,NULL,NULL,NULL,NULL,NULL,NULL,NULL,NULL,NULL,NULL,0,NULL,NULL,NULL,'2025-05-06 17:02:47','2025-05-06 17:02:47'),(569,'Grey','Zabel','OG','North Dakota State',6.1,200,NULL,NULL,NULL,NULL,NULL,NULL,NULL,NULL,NULL,NULL,NULL,0,NULL,NULL,NULL,'2025-05-06 17:02:47','2025-05-06 17:02:47'),(570,'Colston','Loveland','TE','Michigan',6.1,200,NULL,NULL,NULL,NULL,NULL,NULL,NULL,NULL,NULL,NULL,NULL,0,NULL,NULL,NULL,'2025-05-06 17:02:47','2025-05-06 17:02:47'),(571,'Knneth','Grant','DL1T','Michigan',6.1,200,NULL,NULL,NULL,NULL,NULL,NULL,NULL,NULL,NULL,NULL,NULL,0,NULL,NULL,NULL,'2025-05-06 17:02:47','2025-05-06 17:02:47'),(572,'Jaxson','Dart','QB','Ole Miss',6.1,200,NULL,NULL,NULL,NULL,NULL,NULL,NULL,NULL,NULL,NULL,NULL,0,NULL,NULL,NULL,'2025-05-06 17:02:47','2025-05-06 17:02:47'),(573,'Josh','Conerly Jr.','OT','Oregon',6.1,200,NULL,NULL,NULL,NULL,NULL,NULL,NULL,NULL,NULL,NULL,NULL,0,NULL,NULL,NULL,'2025-05-06 17:02:47','2025-05-06 17:02:47'),(574,'Tyler','Booker','OG','Alabama',6.1,200,NULL,NULL,NULL,NULL,NULL,NULL,NULL,NULL,NULL,NULL,NULL,0,NULL,NULL,NULL,'2025-05-06 17:02:47','2025-05-06 17:02:47'),(575,'Shavon','Revel Jr.','CB','East Carolina',6.1,200,NULL,NULL,NULL,NULL,NULL,NULL,NULL,NULL,NULL,NULL,NULL,0,NULL,NULL,NULL,'2025-05-06 17:02:47','2025-05-06 17:02:47'),(576,'Trey','Amos','CB','Ole Miss',6.1,200,NULL,NULL,NULL,NULL,NULL,NULL,NULL,NULL,NULL,NULL,NULL,0,NULL,NULL,NULL,'2025-05-06 17:02:47','2025-05-06 17:02:47'),(577,'Maxwell','Hairston','CB','Kentucky',6.1,200,NULL,NULL,NULL,NULL,NULL,NULL,NULL,NULL,NULL,NULL,NULL,0,NULL,NULL,NULL,'2025-05-06 17:02:47','2025-05-06 17:02:47'),(578,'Darien','Porter','CB','Iowa State',6.1,200,NULL,NULL,NULL,NULL,NULL,NULL,NULL,NULL,NULL,NULL,NULL,0,NULL,NULL,NULL,'2025-05-06 17:02:47','2025-05-06 17:02:47'),(579,'Omarion','Hampton','RB','North Carolina',6.1,200,NULL,NULL,NULL,NULL,NULL,NULL,NULL,NULL,NULL,NULL,NULL,0,NULL,NULL,NULL,'2025-05-06 17:02:47','2025-05-06 17:02:47'),(580,'Nic','Scourton','EDGE','Texas A&M',6.1,200,NULL,NULL,NULL,NULL,NULL,NULL,NULL,NULL,NULL,NULL,NULL,0,NULL,NULL,NULL,'2025-05-06 17:02:47','2025-05-06 17:02:47'),(581,'Tyleik','Williams','DL1T','Ohio State',6.1,200,NULL,NULL,NULL,NULL,NULL,NULL,NULL,NULL,NULL,NULL,NULL,0,NULL,NULL,NULL,'2025-05-06 17:02:47','2025-05-06 17:02:47'),(582,'Benjamin','Morrison','CB','Notre Dame',6.1,200,NULL,NULL,NULL,NULL,NULL,NULL,NULL,NULL,NULL,NULL,NULL,0,NULL,NULL,NULL,'2025-05-06 17:02:47','2025-05-06 17:02:47'),(583,'Princely','Umanmielen','EDGE','Ole Miss',6.1,200,NULL,NULL,NULL,NULL,NULL,NULL,NULL,NULL,NULL,NULL,NULL,0,NULL,NULL,NULL,'2025-05-06 17:02:47','2025-05-06 17:02:47'),(584,'Alfred','Collins','DL3T','Texas',6.1,200,NULL,NULL,NULL,NULL,NULL,NULL,NULL,NULL,NULL,NULL,NULL,0,NULL,NULL,NULL,'2025-05-06 17:02:47','2025-05-06 17:02:47'),(585,'Carson','Schwesinger','ILB','UCLA',6.1,200,NULL,NULL,NULL,NULL,NULL,NULL,NULL,NULL,NULL,NULL,NULL,0,NULL,NULL,NULL,'2025-05-06 17:02:47','2025-05-06 17:02:47'),(586,'Jayden','Higgins','WR','Iowa State',6.1,200,NULL,NULL,NULL,NULL,NULL,NULL,NULL,NULL,NULL,NULL,NULL,0,NULL,NULL,NULL,'2025-05-06 17:02:47','2025-05-06 17:02:47'),(587,'Jonah','Savaiinaea','OG','Arizona',6.1,200,NULL,NULL,NULL,NULL,NULL,NULL,NULL,NULL,NULL,NULL,NULL,0,NULL,NULL,NULL,'2025-05-06 17:02:47','2025-05-06 17:02:47'),(588,'Landon','Jackson','EDGE','Arkansas',6.1,200,NULL,NULL,NULL,NULL,NULL,NULL,NULL,NULL,NULL,NULL,NULL,0,NULL,NULL,NULL,'2025-05-06 17:02:47','2025-05-06 17:02:47'),(589,'Darius','Alexander','DL3T','Toledo',6.1,200,NULL,NULL,NULL,NULL,NULL,NULL,NULL,NULL,NULL,NULL,NULL,0,NULL,NULL,NULL,'2025-05-06 17:02:47','2025-05-06 17:02:47'),(590,'Cameron','Skattebo','RB','Arizona State',6.1,200,NULL,NULL,NULL,NULL,NULL,NULL,NULL,NULL,NULL,NULL,NULL,0,NULL,NULL,NULL,'2025-05-06 17:02:47','2025-05-06 17:02:47'),(591,'Wyatt','Milum','T','West Virginia',6.1,200,NULL,NULL,NULL,NULL,NULL,NULL,NULL,NULL,NULL,NULL,NULL,0,NULL,NULL,NULL,'2025-05-06 17:02:47','2025-05-06 17:02:47'),(592,'Jordan','Burch','EDGE','Oregon',6.1,200,NULL,NULL,NULL,NULL,NULL,NULL,NULL,NULL,NULL,NULL,NULL,0,NULL,NULL,NULL,'2025-05-06 17:02:47','2025-05-06 17:02:47'),(593,'J.T.','Tuimoloau','EDGE','Ohio State',6.1,200,NULL,NULL,NULL,NULL,NULL,NULL,NULL,NULL,NULL,NULL,NULL,0,NULL,NULL,NULL,'2025-05-06 17:02:47','2025-05-06 17:02:47'),(594,'Donovan','Jackson','OG','Ohio State',6.1,200,NULL,NULL,NULL,NULL,NULL,NULL,NULL,NULL,NULL,NULL,NULL,0,NULL,NULL,NULL,'2025-05-06 17:02:47','2025-05-06 17:02:47'),(595,'Tre','Harris','WR','Ole Miss',6.1,200,NULL,NULL,NULL,NULL,NULL,NULL,NULL,NULL,NULL,NULL,NULL,0,NULL,NULL,NULL,'2025-05-06 17:02:47','2025-05-06 17:02:47'),(596,'Jalen','Milroe','QB','Alabama',6.1,200,NULL,NULL,NULL,NULL,NULL,NULL,NULL,NULL,NULL,NULL,NULL,0,NULL,NULL,NULL,'2025-05-06 17:02:47','2025-05-06 17:02:47'),(597,'Cameron','Williams','OT','Texas',6.1,200,NULL,NULL,NULL,NULL,NULL,NULL,NULL,NULL,NULL,NULL,NULL,0,NULL,NULL,NULL,'2025-05-06 17:02:47','2025-05-06 17:02:47'),(598,'Josaiah','Stewart','EDGE','Michigan',6.1,200,NULL,NULL,NULL,NULL,NULL,NULL,NULL,NULL,NULL,NULL,NULL,0,NULL,NULL,NULL,'2025-05-06 17:02:47','2025-05-06 17:02:47'),(599,'Azareyeh','Thomas','CB','Florida tate',6.1,200,NULL,NULL,NULL,NULL,NULL,NULL,NULL,NULL,NULL,NULL,NULL,0,NULL,NULL,NULL,'2025-05-06 17:02:47','2025-05-06 17:02:47'),(600,'T.J.','Sanders','D5T','Soth Carolina',6.1,200,NULL,NULL,NULL,NULL,NULL,NULL,NULL,NULL,NULL,NULL,NULL,0,NULL,NULL,NULL,'2025-05-06 17:02:47','2025-05-06 17:02:47'),(601,'Elic','yomanor','WR','Stanford',6.1,200,NULL,NULL,NULL,NULL,NULL,NULL,NULL,NULL,NULL,NULL,NULL,0,NULL,NULL,NULL,'2025-05-06 17:02:47','2025-05-06 17:02:47'),(602,'Omarr','Norman-Lott','DL3T','Tennessee',6.1,200,NULL,NULL,NULL,NULL,NULL,NULL,NULL,NULL,NULL,NULL,NULL,0,NULL,NULL,NULL,'2025-05-06 17:02:47','2025-05-06 17:02:47'),(603,'Tez','Johnson','WRS','Oregon',6.1,200,NULL,NULL,NULL,NULL,NULL,NULL,NULL,NULL,NULL,NULL,NULL,0,NULL,NULL,NULL,'2025-05-06 17:02:47','2025-05-06 17:02:47'),(604,'Jack','Sawyer','EDGE','Ohio State',6.1,200,NULL,NULL,NULL,NULL,NULL,NULL,NULL,NULL,NULL,NULL,NULL,0,NULL,NULL,NULL,'2025-05-06 17:02:47','2025-05-06 17:02:47'),(605,'Bradyn','Swinson','EDGE','LSU',6.1,200,NULL,NULL,NULL,NULL,NULL,NULL,NULL,NULL,NULL,NULL,NULL,0,NULL,NULL,NULL,'2025-05-06 17:02:47','2025-05-06 17:02:47'),(606,'Deone','Walker','DL1T','Kentucky',6.1,200,NULL,NULL,NULL,NULL,NULL,NULL,NULL,NULL,NULL,NULL,NULL,0,NULL,NULL,NULL,'2025-05-06 17:02:47','2025-05-06 17:02:47'),(607,'Xavier','Watts','S','Notre Dame',6.1,200,NULL,NULL,NULL,NULL,NULL,NULL,NULL,NULL,NULL,NULL,NULL,0,NULL,NULL,NULL,'2025-05-06 17:02:47','2025-05-06 17:02:47'),(608,'Kaleb','Johnson','RB','Iowa',6.1,200,NULL,NULL,NULL,NULL,NULL,NULL,NULL,NULL,NULL,NULL,NULL,0,NULL,NULL,NULL,'2025-05-06 17:02:47','2025-05-06 17:02:47'),(609,'TreVeyon','Henderson','RB','Ohio State',6.1,200,NULL,NULL,NULL,NULL,NULL,NULL,NULL,NULL,NULL,NULL,NULL,0,NULL,NULL,NULL,'2025-05-06 17:02:47','2025-05-06 17:02:47'),(610,'Kye','Kennard','EDGE','South Carolina',6.1,200,NULL,NULL,NULL,NULL,NULL,NULL,NULL,NULL,NULL,NULL,NULL,0,NULL,NULL,NULL,'2025-05-06 17:02:47','2025-05-06 17:02:47'),(611,'Quinshon','Judkins','RB','Ohi State',6.1,200,NULL,NULL,NULL,NULL,NULL,NULL,NULL,NULL,NULL,NULL,NULL,0,NULL,NULL,NULL,'2025-05-06 17:02:47','2025-05-06 17:02:47'),(612,'Jack','Bech','WR','TCU',6.1,200,NULL,NULL,NULL,NULL,NULL,NULL,NULL,NULL,NULL,NULL,NULL,0,NULL,NULL,NULL,'2025-05-06 17:02:47','2025-05-06 17:02:47'),(613,'Isaiah','Bond','WR','Texas',6.1,200,NULL,NULL,NULL,NULL,NULL,NULL,NULL,NULL,NULL,NULL,NULL,0,NULL,NULL,NULL,'2025-05-06 17:02:47','2025-05-06 17:02:47'),(614,'Joshua','Farmer','DL3T','FSU',6.1,200,NULL,NULL,NULL,NULL,NULL,NULL,NULL,NULL,NULL,NULL,NULL,0,NULL,NULL,NULL,'2025-05-06 17:02:47','2025-05-06 17:02:47'),(615,'Marcus','Mbow','OG','Purdue',6.1,200,NULL,NULL,NULL,NULL,NULL,NULL,NULL,NULL,NULL,NULL,NULL,0,NULL,NULL,NULL,'2025-05-06 17:02:47','2025-05-06 17:02:47'),(616,'Jaylin','Noel','WRS','Iowa State',6.1,200,NULL,NULL,NULL,NULL,NULL,NULL,NULL,NULL,NULL,NULL,NULL,0,NULL,NULL,NULL,'2025-05-06 17:02:47','2025-05-06 17:02:47'),(617,'Demetrius','Knight Jr.','ILB','South Caroina',6.1,200,NULL,NULL,NULL,NULL,NULL,NULL,NULL,NULL,NULL,NULL,NULL,0,NULL,NULL,NULL,'2025-05-06 17:02:47','2025-05-06 17:02:47'),(618,'Oluwafemi','Oladejo','EDGE','UCLA',6.1,200,NULL,NULL,NULL,NULL,NULL,NULL,NULL,NULL,NULL,NULL,NULL,0,NULL,NULL,NULL,'2025-05-06 17:02:47','2025-05-06 17:02:47'),(619,'Tate','Ratledge','OG','Georgia',6.1,200,NULL,NULL,NULL,NULL,NULL,NULL,NULL,NULL,NULL,NULL,NULL,0,NULL,NULL,NULL,'2025-05-06 17:02:47','2025-05-06 17:02:47'),(620,'Dylan','Sampson','RB','Tennessee',6.1,200,NULL,NULL,NULL,NULL,NULL,NULL,NULL,NULL,NULL,NULL,NULL,0,NULL,NULL,NULL,'2025-05-06 17:02:47','2025-05-06 17:02:47'),(621,'Mason','Taylor','TE','LSU',6.1,200,NULL,NULL,NULL,NULL,NULL,NULL,NULL,NULL,NULL,NULL,NULL,0,NULL,NULL,NULL,'2025-05-06 17:02:47','2025-05-06 17:02:47'),(622,'Andrew','Mukuba','S','Texas',6.1,200,NULL,NULL,NULL,NULL,NULL,NULL,NULL,NULL,NULL,NULL,NULL,0,NULL,NULL,NULL,'2025-05-06 17:02:47','2025-05-06 17:02:47'),(623,'Jared','Wilson','OC','Georgia',6.1,200,NULL,NULL,NULL,NULL,NULL,NULL,NULL,NULL,NULL,NULL,NULL,0,NULL,NULL,NULL,'2025-05-06 17:02:47','2025-05-06 17:02:47'),(624,'Jordan','Phillips','DL1T','Maryland',6.1,200,NULL,NULL,NULL,NULL,NULL,NULL,NULL,NULL,NULL,NULL,NULL,0,NULL,NULL,NULL,'2025-05-06 17:02:47','2025-05-06 17:02:47'),(625,'Jalen','Royals','WR','Utah State',6.1,200,NULL,NULL,NULL,NULL,NULL,NULL,NULL,NULL,NULL,NULL,NULL,0,NULL,NULL,NULL,'2025-05-06 17:02:47','2025-05-06 17:02:47'),(626,'Jacob','Parrish','CN','Kansas State',6.1,200,NULL,NULL,NULL,NULL,NULL,NULL,NULL,NULL,NULL,NULL,NULL,0,NULL,NULL,NULL,'2025-05-06 17:02:47','2025-05-06 17:02:47'),(627,'Tyler','Shough','QB','Louisville',6.1,200,NULL,NULL,NULL,NULL,NULL,NULL,NULL,NULL,NULL,NULL,NULL,0,NULL,NULL,NULL,'2025-05-06 17:02:47','2025-05-06 17:02:47'),(628,'Gunnar','Helm','TE','Texas',6.1,200,NULL,NULL,NULL,NULL,NULL,NULL,NULL,NULL,NULL,NULL,NULL,0,NULL,NULL,NULL,'2025-05-06 17:02:47','2025-05-06 17:02:47'),(629,'Terrance','Ferguson','TE','Oregon',6.1,200,NULL,NULL,NULL,NULL,NULL,NULL,NULL,NULL,NULL,NULL,NULL,0,NULL,NULL,NULL,'2025-05-06 17:02:47','2025-05-06 17:02:47'),(630,'Zah','Frazier','CB','UTSA',6.1,200,NULL,NULL,NULL,NULL,NULL,NULL,NULL,NULL,NULL,NULL,NULL,0,NULL,NULL,NULL,'2025-05-06 17:02:47','2025-05-06 17:02:47'),(631,'D.J.','Giddens','RB','Kansas State',6.1,200,NULL,NULL,NULL,NULL,NULL,NULL,NULL,NULL,NULL,NULL,NULL,0,NULL,NULL,NULL,'2025-05-06 17:02:47','2025-05-06 17:02:47'),(632,'Chris','Paul Jr.','OLB','Ole Miss',6.1,200,NULL,NULL,NULL,NULL,NULL,NULL,NULL,NULL,NULL,NULL,NULL,0,NULL,NULL,NULL,'2025-05-06 17:02:47','2025-05-06 17:02:47'),(633,'Elijah','Arroyo','TE','Miami (FL)',6.1,200,NULL,NULL,NULL,NULL,NULL,NULL,NULL,NULL,NULL,NULL,NULL,0,NULL,NULL,NULL,'2025-05-06 17:02:47','2025-05-06 17:02:47'),(634,'Smael','Mondon Jr.','OLB','Georgia',6.1,200,NULL,NULL,NULL,NULL,NULL,NULL,NULL,NULL,NULL,NULL,NULL,0,NULL,NULL,NULL,'2025-05-06 17:02:47','2025-05-06 17:02:47'),(635,'Savion','Wiliams','WR','TCU',6.1,200,NULL,NULL,NULL,NULL,NULL,NULL,NULL,NULL,NULL,NULL,NULL,0,NULL,NULL,NULL,'2025-05-06 17:02:47','2025-05-06 17:02:47'),(636,'Harold','Fannin Jr.','TE','Bowling Green',6.1,200,NULL,NULL,NULL,NULL,NULL,NULL,NULL,NULL,NULL,NULL,NULL,0,NULL,NULL,NULL,'2025-05-06 17:02:47','2025-05-06 17:02:47'),(637,'Ty','Robinson','DL3T','Nebraska',6.1,200,NULL,NULL,NULL,NULL,NULL,NULL,NULL,NULL,NULL,NULL,NULL,0,NULL,NULL,NULL,'2025-05-06 17:02:47','2025-05-06 17:02:47'),(638,'Xavier','Restrepo','WRS','Miami (FL)',6.1,200,NULL,NULL,NULL,NULL,NULL,NULL,NULL,NULL,NULL,NULL,NULL,0,NULL,NULL,NULL,'2025-05-06 17:02:47','2025-05-06 17:02:47'),(639,'C.J.','West','DL1T','Indiana',6.1,200,NULL,NULL,NULL,NULL,NULL,NULL,NULL,NULL,NULL,NULL,NULL,0,NULL,NULL,NULL,'2025-05-06 17:02:47','2025-05-06 17:02:47'),(640,'Kelvin','Banks Jr.','OL','Texas',6051,315,1038,3348,NULL,NULL,NULL,NULL,NULL,NULL,NULL,NULL,NULL,0,NULL,NULL,NULL,'2025-05-06 17:02:47','2025-05-06 17:02:47'),(641,'Anthony','Belton','OL','N.C. State',6060,336,1028,3378,NULL,NULL,NULL,NULL,NULL,NULL,NULL,NULL,NULL,0,NULL,NULL,NULL,'2025-05-06 17:02:47','2025-05-06 17:02:47'),(642,'Tyler','Booker','OL','Alabama',6045,321,1100,3448,NULL,NULL,NULL,NULL,NULL,NULL,NULL,NULL,NULL,0,NULL,NULL,NULL,'2025-05-06 17:02:47','2025-05-06 17:02:47'),(643,'Logan','Brown','OL','Kansas',6063,311,1000,3378,NULL,NULL,NULL,NULL,NULL,NULL,NULL,NULL,NULL,0,NULL,NULL,NULL,'2025-05-06 17:02:47','2025-05-06 17:02:47'),(644,'Will','Campbell','OL','LSU',6057,319,948,3258,NULL,NULL,NULL,NULL,NULL,NULL,NULL,NULL,NULL,0,NULL,NULL,NULL,'2025-05-06 17:02:47','2025-05-06 17:02:47'),(645,'Connor','Colby','OL','Iowa',6056,309,1000,3200,NULL,NULL,NULL,NULL,NULL,NULL,NULL,NULL,NULL,0,NULL,NULL,NULL,'2025-05-06 17:02:47','2025-05-06 17:02:47'),(646,'Josh','Conerly Jr.','OL','Oregon',6045,311,1038,3348,NULL,NULL,NULL,NULL,NULL,NULL,NULL,NULL,NULL,0,NULL,NULL,NULL,'2025-05-06 17:02:47','2025-05-06 17:02:47'),(647,'Hayden','Conner','OL','Texas',6060,314,958,3328,NULL,NULL,NULL,NULL,NULL,NULL,NULL,NULL,NULL,0,NULL,NULL,NULL,'2025-05-06 17:02:47','2025-05-06 17:02:47'),(648,'Ajani','Cornelius','OL','Oregon',6045,310,948,3348,NULL,NULL,NULL,NULL,NULL,NULL,NULL,NULL,NULL,0,NULL,NULL,NULL,'2025-05-06 17:02:47','2025-05-06 17:02:47'),(649,'Eli','Cox','OL','Kentucky',6042,306,928,3100,NULL,NULL,NULL,NULL,NULL,NULL,NULL,NULL,NULL,0,NULL,NULL,NULL,'2025-05-06 17:02:47','2025-05-06 17:02:47'),(650,'Brandon','Crenshaw-Dickson','OL','Florida',6072,316,1048,3400,NULL,NULL,NULL,NULL,NULL,NULL,NULL,NULL,NULL,0,NULL,NULL,NULL,'2025-05-06 17:02:47','2025-05-06 17:02:47'),(651,'Aireontae','Ersery','OL','Minnesota',6062,331,948,3318,NULL,NULL,NULL,NULL,NULL,NULL,NULL,NULL,NULL,0,NULL,NULL,NULL,'2025-05-06 17:02:47','2025-05-06 17:02:47'),(652,'Dylan','Fairchild','OL','Georgia',6052,318,1000,3300,NULL,NULL,NULL,NULL,NULL,NULL,NULL,NULL,NULL,0,NULL,NULL,NULL,'2025-05-06 17:02:47','2025-05-06 17:02:47'),(653,'Miles','Frazier','OL','LSU',6055,317,900,3268,NULL,NULL,NULL,NULL,NULL,NULL,NULL,NULL,NULL,0,NULL,NULL,NULL,'2025-05-06 17:02:47','2025-05-06 17:02:47'),(654,'Garrett','Dellinger','OT','LSU',0,0,0,0,'','',NULL,NULL,NULL,NULL,NULL,NULL,NULL,0,NULL,NULL,NULL,'2025-05-06 17:02:47','2025-05-06 17:02:47'),(655,'Charles','Grant','OT','William and Mary',6047,311,1028,3468,'','',NULL,NULL,NULL,NULL,NULL,NULL,NULL,0,NULL,NULL,NULL,'2025-05-06 17:02:47','2025-05-06 17:02:47'),(656,'Joshua','Gray','OT','Oregon State',6051,299,948,3138,'','',NULL,NULL,NULL,NULL,NULL,NULL,NULL,0,NULL,NULL,NULL,'2025-05-06 17:02:47','2025-05-06 17:02:47'),(657,'Myles','Hinton','OT','Michigan',6066,323,1028,3418,'','',NULL,NULL,NULL,NULL,NULL,NULL,NULL,0,NULL,NULL,NULL,'2025-05-06 17:02:47','2025-05-06 17:02:47'),(658,'Joe','Huber','OT','Wisconsin',6051,310,968,3228,'','',NULL,NULL,NULL,NULL,NULL,NULL,NULL,0,NULL,NULL,NULL,'2025-05-06 17:02:47','2025-05-06 17:02:47'),(659,'Emery','Jones Jr','OT','LSU',6052,315,1068,3428,'','',NULL,NULL,NULL,NULL,NULL,NULL,NULL,0,NULL,NULL,NULL,'2025-05-06 17:02:47','2025-05-06 17:02:47'),(660,'Luke','Kandra','OT','Cincinnati',6046,319,1000,3178,'','',NULL,NULL,NULL,NULL,NULL,NULL,NULL,0,NULL,NULL,NULL,'2025-05-06 17:02:47','2025-05-06 17:02:47'),(661,'Drew','Kendall','OT','Boston College',6042,308,958,3168,'','',NULL,NULL,NULL,NULL,NULL,NULL,NULL,0,NULL,NULL,NULL,'2025-05-06 17:02:47','2025-05-06 17:02:47'),(662,'Chase','Lundt','OT','Connecticut',6074,304,958,3258,'','',NULL,NULL,NULL,NULL,NULL,NULL,NULL,0,NULL,NULL,NULL,'2025-05-06 17:02:47','2025-05-06 17:02:47'),(663,'Jake','Majors','OT','Texas',6033,306,978,3038,'','',NULL,NULL,NULL,NULL,NULL,NULL,NULL,0,NULL,NULL,NULL,'2025-05-06 17:02:47','2025-05-06 17:02:47'),(664,'Seth','McLaughlin','OT','Ohio State',6040,304,948,3100,'','',NULL,NULL,NULL,NULL,NULL,NULL,NULL,0,NULL,NULL,NULL,'2025-05-06 17:02:47','2025-05-06 17:02:47'),(665,'Jonah','Monheim','OT','USC',6041,302,928,3018,'','',NULL,NULL,NULL,NULL,NULL,NULL,NULL,0,NULL,NULL,NULL,'2025-05-06 17:02:47','2025-05-06 17:02:47'),(666,'Jack','Nelson','OT','Wisconsin',6070,314,1000,3348,'','',NULL,NULL,NULL,NULL,NULL,NULL,NULL,0,NULL,NULL,NULL,'2025-05-06 17:02:47','2025-05-06 17:02:47'),(667,'Hollin','Pierce','OT','Rutgers',6083,341,978,3600,'','',NULL,NULL,NULL,NULL,NULL,NULL,NULL,0,NULL,NULL,NULL,'2025-05-06 17:02:47','2025-05-06 17:02:47'),(668,'Jalen','Rivers','OT','Miami',6056,319,1000,3478,'','',NULL,NULL,NULL,NULL,NULL,NULL,NULL,0,NULL,NULL,NULL,'2025-05-06 17:02:47','2025-05-06 17:02:47'),(669,'Caleb','Rogers','OT','Texas Tech',6045,312,968,3238,'','',NULL,NULL,NULL,NULL,NULL,NULL,NULL,0,NULL,NULL,NULL,'2025-05-06 17:02:47','2025-05-06 17:02:47'),(670,'Torricelli','Simpkins III','OT','South Carolina',6045,312,1018,3238,'','',NULL,NULL,NULL,NULL,NULL,NULL,NULL,0,NULL,NULL,NULL,'2025-05-06 17:02:47','2025-05-06 17:02:47'),(671,'Jackson','Slater','OT','Sacramento State',6030,311,1000,3200,'','',NULL,NULL,NULL,NULL,NULL,NULL,NULL,0,NULL,NULL,NULL,'2025-05-06 17:02:47','2025-05-06 17:02:47'),(672,'Marcus','Tate','OT','Clemson',6052,321,900,3268,'','',NULL,NULL,NULL,NULL,NULL,NULL,NULL,0,NULL,NULL,NULL,'2025-05-06 17:02:47','2025-05-06 17:02:47'),(673,'Branson','Taylor','OT','Pittsburgh',6060,321,968,3268,'','',NULL,NULL,NULL,NULL,NULL,NULL,NULL,0,NULL,NULL,NULL,'2025-05-06 17:02:47','2025-05-06 17:02:47'),(674,'Ozzy','Trapilo','OT','Boston College',6081,316,1038,3300,'','',NULL,NULL,NULL,NULL,NULL,NULL,NULL,0,NULL,NULL,NULL,'2025-05-06 17:02:47','2025-05-06 17:02:47'),(675,'Jalen','Travis','OT','Iowa State',6076,339,1048,3478,'','',NULL,NULL,NULL,NULL,NULL,NULL,NULL,0,NULL,NULL,NULL,'2025-05-06 17:02:47','2025-05-06 17:02:47'),(676,'Xavier','Truss','OT','Georgia',6071,309,1048,3300,'','',NULL,NULL,NULL,NULL,NULL,NULL,NULL,0,NULL,NULL,NULL,'2025-05-06 17:02:47','2025-05-06 17:02:47'),(677,'Carson','Vinson','OT','Alabama A&M',6071,314,1028,3448,'','',NULL,NULL,NULL,NULL,NULL,NULL,NULL,0,NULL,NULL,NULL,'2025-05-06 17:02:47','2025-05-06 17:02:47'),(678,'Clay','Webb','OT','Jacksonville State',6032,312,1000,3200,'','',NULL,NULL,NULL,NULL,NULL,NULL,NULL,0,NULL,NULL,NULL,'2025-05-06 17:02:47','2025-05-06 17:02:47'),(679,'John','Williams','OT','Cincinnati',6041,322,1100,3378,'','',NULL,NULL,NULL,NULL,NULL,NULL,NULL,0,NULL,NULL,NULL,'2025-05-06 17:02:47','2025-05-06 17:02:47'),(680,'which','has shown the best results so far:Rhopressa','QB','Vyzulta',0,0,6015,217,'','',NULL,NULL,NULL,NULL,NULL,NULL,NULL,0,NULL,NULL,NULL,'2025-05-06 17:02:47','2025-05-06 17:02:47'),(681,'Brady','Cook','QB','Missouri',6021,214,928,3248,'','',NULL,NULL,NULL,NULL,NULL,NULL,NULL,0,NULL,NULL,NULL,'2025-05-06 17:02:47','2025-05-06 17:02:47'),(682,'Jaxson','Dart','QB','Mississippi',6022,223,948,3000,'','',NULL,NULL,NULL,NULL,NULL,NULL,NULL,0,NULL,NULL,NULL,'2025-05-06 17:02:47','2025-05-06 17:02:47'),(683,'Quinn','Ewers','QB','Texas',6021,214,938,3068,'','',NULL,NULL,NULL,NULL,NULL,NULL,NULL,0,NULL,NULL,NULL,'2025-05-06 17:02:47','2025-05-06 17:02:47'),(684,'Dillon','Gabriel','QB','Oregon',5111,205,928,2958,'','',NULL,NULL,NULL,NULL,NULL,NULL,NULL,0,NULL,NULL,NULL,'2025-05-06 17:02:47','2025-05-06 17:02:47'),(685,'Seth','Henigan','QB','Memphis',6030,215,900,3200,'','',NULL,NULL,NULL,NULL,NULL,NULL,NULL,0,NULL,NULL,NULL,'2025-05-06 17:02:47','2025-05-06 17:02:47'),(686,'Will','Howard','QB','Ohio State',6042,236,900,3200,'','',NULL,NULL,NULL,NULL,NULL,NULL,NULL,0,NULL,NULL,NULL,'2025-05-06 17:02:47','2025-05-06 17:02:47'),(687,'Riley','Leonard','QB','Notre Dame',6036,216,948,3158,'','',NULL,NULL,NULL,NULL,NULL,NULL,NULL,0,NULL,NULL,NULL,'2025-05-06 17:02:47','2025-05-06 17:02:47'),(688,'Kyle','McCord','QB','Syracuse',6030,218,948,3100,'','',NULL,NULL,NULL,NULL,NULL,NULL,NULL,0,NULL,NULL,NULL,'2025-05-06 17:02:47','2025-05-06 17:02:47'),(689,'Graham','Mertz','QB','Florida',6033,212,968,3128,'','',NULL,NULL,NULL,NULL,NULL,NULL,NULL,0,NULL,NULL,NULL,'2025-05-06 17:02:47','2025-05-06 17:02:47'),(690,'Kurtis','Rourke','QB','Indiana',6042,220,938,3048,'','',NULL,NULL,NULL,NULL,NULL,NULL,NULL,0,NULL,NULL,NULL,'2025-05-06 17:02:47','2025-05-06 17:02:47'),(691,'Cam','Ward','QB','Miami',6015,219,900,3048,'','',NULL,NULL,NULL,NULL,NULL,NULL,NULL,0,NULL,NULL,NULL,'2025-05-06 17:02:47','2025-05-06 17:02:47'),(692,'LeQuint','Allen','RB','Syracuse',6001,204,1018,3200,'','',NULL,NULL,NULL,NULL,NULL,NULL,NULL,0,NULL,NULL,NULL,'2025-05-06 17:02:47','2025-05-06 17:02:47'),(693,'Ulysses','Bentley IV','RB','Mississippi',5097,201,858,2900,'','',NULL,NULL,NULL,NULL,NULL,NULL,NULL,0,NULL,NULL,NULL,'2025-05-06 17:02:47','2025-05-06 17:02:47'),(694,'Jaydon','Blue','RB','Texas',5090,196,828,2978,'','',NULL,NULL,NULL,NULL,NULL,NULL,NULL,0,NULL,NULL,NULL,'2025-05-06 17:02:47','2025-05-06 17:02:47'),(695,'Tahj','Brooks','RB','Texas Tech',5092,214,918,3038,'','',NULL,NULL,NULL,NULL,NULL,NULL,NULL,0,NULL,NULL,NULL,'2025-05-06 17:02:47','2025-05-06 17:02:47'),(696,'Donovan','Edwards','RB','Michigan',5113,205,1000,3000,'','',NULL,NULL,NULL,NULL,NULL,NULL,NULL,0,NULL,NULL,NULL,'2025-05-06 17:02:47','2025-05-06 17:02:47'),(697,'Trevor','Etienne','RB','Georgia',5086,198,948,2928,'','',NULL,NULL,NULL,NULL,NULL,NULL,NULL,0,NULL,NULL,NULL,'2025-05-06 17:02:47','2025-05-06 17:02:47'),(698,'DJ','Giddens','RB','Kansas State',6002,212,928,3038,'','',NULL,NULL,NULL,NULL,NULL,NULL,NULL,0,NULL,NULL,NULL,'2025-05-06 17:02:47','2025-05-06 17:02:47'),(699,'Ollie','Gordon II','RB','Oklahoma State',6013,226,948,3268,'','',NULL,NULL,NULL,NULL,NULL,NULL,NULL,0,NULL,NULL,NULL,'2025-05-06 17:02:47','2025-05-06 17:02:47'),(700,'RJ','Harvey','RB','UCF',5080,205,900,2900,'','',NULL,NULL,NULL,NULL,NULL,NULL,NULL,0,NULL,NULL,NULL,'2025-05-06 17:02:47','2025-05-06 17:02:47'),(701,'Jarquez','Hunter','RB','Auburn',5093,204,948,3000,'','',NULL,NULL,NULL,NULL,NULL,NULL,NULL,0,NULL,NULL,NULL,'2025-05-06 17:02:47','2025-05-06 17:02:47'),(702,'Ja\'Quinden','Jackson','RB','Arkansas',6014,229,948,3300,'','',NULL,NULL,NULL,NULL,NULL,NULL,NULL,0,NULL,NULL,NULL,'2025-05-06 17:02:47','2025-05-06 17:02:47'),(703,'Jordan','James','RB','Oregon',5094,205,948,2968,'','',NULL,NULL,NULL,NULL,NULL,NULL,NULL,0,NULL,NULL,NULL,'2025-05-06 17:02:47','2025-05-06 17:02:47'),(704,'Montrell','Johnson Jr.','RB','Florida',5113,212,928,3068,'','',NULL,NULL,NULL,NULL,NULL,NULL,NULL,0,NULL,NULL,NULL,'2025-05-06 17:02:47','2025-05-06 17:02:47'),(705,'Quinshon','Judkins','RB','Ohio State',5115,221,928,3028,'','',NULL,NULL,NULL,NULL,NULL,NULL,NULL,0,NULL,NULL,NULL,'2025-05-06 17:02:47','2025-05-06 17:02:47'),(706,'Corey','Kiner','RB','Cincinnati',5085,208,768,3048,'','',NULL,NULL,NULL,NULL,NULL,NULL,NULL,0,NULL,NULL,NULL,'2025-05-06 17:02:47','2025-05-06 17:02:47'),(707,'Phil','Mafah','RB','Clemson',6005,234,948,3158,'','',NULL,NULL,NULL,NULL,NULL,NULL,NULL,0,NULL,NULL,NULL,'2025-05-06 17:02:47','2025-05-06 17:02:47'),(708,'Woody','Marks','RB','USC',5101,207,900,2918,'','',NULL,NULL,NULL,NULL,NULL,NULL,NULL,0,NULL,NULL,NULL,'2025-05-06 17:02:47','2025-05-06 17:02:47'),(709,'Damien','Martinez','RB','Miami',5115,217,948,3048,'','',NULL,NULL,NULL,NULL,NULL,NULL,NULL,0,NULL,NULL,NULL,'2025-05-06 17:02:47','2025-05-06 17:02:47'),(710,'Kyle','Monangai','RB','Rutgers',5082,211,900,2868,'','',NULL,NULL,NULL,NULL,NULL,NULL,NULL,0,NULL,NULL,NULL,'2025-05-06 17:02:47','2025-05-06 17:02:47'),(711,'Kalel','Mullings','RB','Michigan',6014,226,1000,3168,'','',NULL,NULL,NULL,NULL,NULL,NULL,NULL,0,NULL,NULL,NULL,'2025-05-06 17:02:47','2025-05-06 17:02:47'),(712,'Devin','Neal','RB','Kansas',5111,213,848,2958,'','',NULL,NULL,NULL,NULL,NULL,NULL,NULL,0,NULL,NULL,NULL,'2025-05-06 17:02:47','2025-05-06 17:02:47'),(713,'Dylan','Sampson','RB','Tennesee',5081,200,868,3048,'','',NULL,NULL,NULL,NULL,NULL,NULL,NULL,0,NULL,NULL,NULL,'2025-05-06 17:02:47','2025-05-06 17:02:47'),(714,'Raheim','Sanders','RB','South Carolina',6000,217,928,3148,'','',NULL,NULL,NULL,NULL,NULL,NULL,NULL,0,NULL,NULL,NULL,'2025-05-06 17:02:47','2025-05-06 17:02:47'),(715,'Cam','Skattebo','RB','Arizona State',5094,219,938,2978,'','',NULL,NULL,NULL,NULL,NULL,NULL,NULL,0,NULL,NULL,NULL,'2025-05-06 17:02:47','2025-05-06 17:02:47'),(716,'Brashard','Smith','RB','SMU',5097,194,868,3048,'','',NULL,NULL,NULL,NULL,NULL,NULL,NULL,0,NULL,NULL,NULL,'2025-05-06 17:02:47','2025-05-06 17:02:47'),(717,'Bhayshul','Tuten','RB','Virginia Tech',5092,206,900,2948,'','',NULL,NULL,NULL,NULL,NULL,NULL,NULL,0,NULL,NULL,NULL,'2025-05-06 17:02:47','2025-05-06 17:02:47'),(718,'Marcus','Yarns','RB','Delaware',5107,193,918,3118,'','',NULL,NULL,NULL,NULL,NULL,NULL,NULL,0,NULL,NULL,NULL,'2025-05-06 17:02:47','2025-05-06 17:02:47'),(719,'Andrew','Armstrong','WR','Arkansas',6036,202,958,3218,'','',NULL,NULL,NULL,NULL,NULL,NULL,NULL,0,NULL,NULL,NULL,'2025-05-06 17:02:47','2025-05-06 17:02:47'),(720,'Elic','Ayomanor','WR','Stanford',6016,206,1000,3238,'','',NULL,NULL,NULL,NULL,NULL,NULL,NULL,0,NULL,NULL,NULL,'2025-05-06 17:02:47','2025-05-06 17:02:47'),(721,'Elijhah','Badger','WR','Florida',6013,200,948,3218,'','',NULL,NULL,NULL,NULL,NULL,NULL,NULL,0,NULL,NULL,NULL,'2025-05-06 17:02:47','2025-05-06 17:02:47'),(722,'Ja\'Corey','Brooks','WR','Louisville',6020,184,900,3168,'','',NULL,NULL,NULL,NULL,NULL,NULL,NULL,0,NULL,NULL,NULL,'2025-05-06 17:02:47','2025-05-06 17:02:47'),(723,'Sam','Brown Jr.','WR','Miami',6022,200,938,3158,'','',NULL,NULL,NULL,NULL,NULL,NULL,NULL,0,NULL,NULL,NULL,'2025-05-06 17:02:47','2025-05-06 17:02:47'),(724,'Pat','Bryant','WR','Illinois',6022,204,948,3118,'','',NULL,NULL,NULL,NULL,NULL,NULL,NULL,0,NULL,NULL,NULL,'2025-05-06 17:02:47','2025-05-06 17:02:47'),(725,'Beaux','Collins','WR','Notre Dame',6030,201,948,3158,'','',NULL,NULL,NULL,NULL,NULL,NULL,NULL,0,NULL,NULL,NULL,'2025-05-06 17:02:47','2025-05-06 17:02:47'),(726,'Chimere','Dike','WR','Florida',6005,196,918,3218,'','',NULL,NULL,NULL,NULL,NULL,NULL,NULL,0,NULL,NULL,NULL,'2025-05-06 17:02:47','2025-05-06 17:02:47'),(727,'Da\'Quan','Felton','WR','Virginia Tech',6056,213,900,3218,'','',NULL,NULL,NULL,NULL,NULL,NULL,NULL,0,NULL,NULL,NULL,'2025-05-06 17:02:47','2025-05-06 17:02:47'),(728,'Tai','Felton','WR','Maryland',6011,183,900,3000,'','',NULL,NULL,NULL,NULL,NULL,NULL,NULL,0,NULL,NULL,NULL,'2025-05-06 17:02:47','2025-05-06 17:02:47'),(729,'Jacolby','George','WR','Miami',5110,172,948,3138,'','',NULL,NULL,NULL,NULL,NULL,NULL,NULL,0,NULL,NULL,NULL,'2025-05-06 17:02:47','2025-05-06 17:02:47'),(730,'Tre','Harris','WR','Mississippi',6023,205,958,3178,'','',NULL,NULL,NULL,NULL,NULL,NULL,NULL,0,NULL,NULL,NULL,'2025-05-06 17:02:47','2025-05-06 17:02:47'),(731,'Traeshon','Holden','WR','Oregon',6021,205,978,3158,'','',NULL,NULL,NULL,NULL,NULL,NULL,NULL,0,NULL,NULL,NULL,'2025-05-06 17:02:47','2025-05-06 17:02:47'),(732,'Jimmy','Horn Jr.','WR','Colorado',5081,174,868,3038,'','',NULL,NULL,NULL,NULL,NULL,NULL,NULL,0,NULL,NULL,NULL,'2025-05-06 17:02:47','2025-05-06 17:02:47'),(733,'Tory','Horton','WR','Colorado State',6024,196,900,3058,'','',NULL,NULL,NULL,NULL,NULL,NULL,NULL,0,NULL,NULL,NULL,'2025-05-06 17:02:47','2025-05-06 17:02:47'),(734,'Kobe','Hudson','WR','UCF',6006,193,900,3058,'','',NULL,NULL,NULL,NULL,NULL,NULL,NULL,0,NULL,NULL,NULL,'2025-05-06 17:02:47','2025-05-06 17:02:47'),(735,'Daniel','Jackson','WR','Minnesota',5106,193,900,3068,'','',NULL,NULL,NULL,NULL,NULL,NULL,NULL,0,NULL,NULL,NULL,'2025-05-06 17:02:47','2025-05-06 17:02:47'),(736,'Josh','Kelly','WR','Texas Tech',6005,186,1048,3078,'','',NULL,NULL,NULL,NULL,NULL,NULL,NULL,0,NULL,NULL,NULL,'2025-05-06 17:02:47','2025-05-06 17:02:47'),(737,'KeAndre','Lambert-Smith','WR','Auburn',6006,190,918,3258,'','',NULL,NULL,NULL,NULL,NULL,NULL,NULL,0,NULL,NULL,NULL,'2025-05-06 17:02:47','2025-05-06 17:02:47'),(738,'Jaylin','Lane','WR','Virginia Tech',5096,191,978,3168,'','',NULL,NULL,NULL,NULL,NULL,NULL,NULL,0,NULL,NULL,NULL,'2025-05-06 17:02:47','2025-05-06 17:02:47'),(739,'Dominic','Lovett','WR','Georgia',5100,185,928,3138,'','',NULL,NULL,NULL,NULL,NULL,NULL,NULL,0,NULL,NULL,NULL,'2025-05-06 17:02:47','2025-05-06 17:02:47'),(740,'Bru','McCoy','WR','Tennesee',6024,209,1000,3218,'','',NULL,NULL,NULL,NULL,NULL,NULL,NULL,0,NULL,NULL,NULL,'2025-05-06 17:02:47','2025-05-06 17:02:47'),(741,'Tetairoa','McMillan','WR','Arizona',6041,219,1000,3148,'','',NULL,NULL,NULL,NULL,NULL,NULL,NULL,0,NULL,NULL,NULL,'2025-05-06 17:02:47','2025-05-06 17:02:47'),(742,'Konata','Mumpfield','WR','Pittsburgh',5113,186,848,2938,'','',NULL,NULL,NULL,NULL,NULL,NULL,NULL,0,NULL,NULL,NULL,'2025-05-06 17:02:47','2025-05-06 17:02:47'),(743,'Nick','Nash','WR','San Jose State',6024,203,868,3100,'','',NULL,NULL,NULL,NULL,NULL,NULL,NULL,0,NULL,NULL,NULL,'2025-05-06 17:02:47','2025-05-06 17:02:47'),(744,'Isaiah','Neyor','WR','Nebraska',6042,218,948,3438,'','',NULL,NULL,NULL,NULL,NULL,NULL,NULL,0,NULL,NULL,NULL,'2025-05-06 17:02:47','2025-05-06 17:02:47'),(745,'Kaden','Prather','WR','Maryland',6034,204,928,3178,'','',NULL,NULL,NULL,NULL,NULL,NULL,NULL,0,NULL,NULL,NULL,'2025-05-06 17:02:47','2025-05-06 17:02:47'),(746,'Xavier','Restrepo','WR','Miami',5097,209,918,2938,'','',NULL,NULL,NULL,NULL,NULL,NULL,NULL,0,NULL,NULL,NULL,'2025-05-06 17:02:47','2025-05-06 17:02:47'),(747,'Arian','Smith','WR','Georgia',6001,179,900,3128,'','',NULL,NULL,NULL,NULL,NULL,NULL,NULL,0,NULL,NULL,NULL,'2025-05-06 17:02:47','2025-05-06 17:02:47'),(748,'Roc','Taylor','WR','Memphis',6017,213,900,3228,'','',NULL,NULL,NULL,NULL,NULL,NULL,NULL,0,NULL,NULL,NULL,'2025-05-06 17:02:47','2025-05-06 17:02:47'),(749,'Isaac','TeSlaa','WR','Arkansas',6035,214,1000,3118,'','',NULL,NULL,NULL,NULL,NULL,NULL,NULL,0,NULL,NULL,NULL,'2025-05-06 17:02:47','2025-05-06 17:02:47'),(750,'Dont\'e','Thornton Jr','WR','Tennesee',6045,205,958,3218,'','',NULL,NULL,NULL,NULL,NULL,NULL,NULL,0,NULL,NULL,NULL,'2025-05-06 17:02:47','2025-05-06 17:02:47'),(751,'Jordan','Watkins','WR','Mississippi',5112,196,918,2938,'','',NULL,NULL,NULL,NULL,NULL,NULL,NULL,0,NULL,NULL,NULL,'2025-05-06 17:02:47','2025-05-06 17:02:47'),(752,'Theo','Wease Jr.','WR','Missouri',6030,200,958,3218,'','',NULL,NULL,NULL,NULL,NULL,NULL,NULL,0,NULL,NULL,NULL,'2025-05-06 17:02:47','2025-05-06 17:02:47'),(753,'Antwane','Wells Jr','WR','Mississippi',6006,201,878,3148,'','',NULL,NULL,NULL,NULL,NULL,NULL,NULL,0,NULL,NULL,NULL,'2025-05-06 17:02:47','2025-05-06 17:02:47'),(754,'LaJohntay','Wester','WR','Colorado',5094,163,858,2968,'','',NULL,NULL,NULL,NULL,NULL,NULL,NULL,0,NULL,NULL,NULL,'2025-05-06 17:02:47','2025-05-06 17:02:47'),(755,'Ricky','White III','WR','UNLV',6011,184,928,3168,'','',NULL,NULL,NULL,NULL,NULL,NULL,NULL,0,NULL,NULL,NULL,'2025-05-06 17:02:47','2025-05-06 17:02:47'),(756,'Kyle','Williams','WR','WSU',5105,190,868,3018,'','',NULL,NULL,NULL,NULL,NULL,NULL,NULL,0,NULL,NULL,NULL,'2025-05-06 17:02:47','2025-05-06 17:02:47'),(757,'Savion','Williams','WR','TCU',6037,222,1028,3248,'','',NULL,NULL,NULL,NULL,NULL,NULL,NULL,0,NULL,NULL,NULL,'2025-05-06 17:02:47','2025-05-06 17:02:47'),(758,'Elijah','Arroyo','TE','Miami',6051,250,1000,3300,'','',NULL,NULL,NULL,NULL,NULL,NULL,NULL,0,NULL,NULL,NULL,'2025-05-06 17:02:47','2025-05-06 17:02:47'),(759,'Gavin','Bartholomew','TE','Pittsburgh',6045,246,978,3138,'','',NULL,NULL,NULL,NULL,NULL,NULL,NULL,0,NULL,NULL,NULL,'2025-05-06 17:02:47','2025-05-06 17:02:47'),(760,'Jake','Briningstool','TE','Clemson',6055,241,858,3148,'','',NULL,NULL,NULL,NULL,NULL,NULL,NULL,0,NULL,NULL,NULL,'2025-05-06 17:02:47','2025-05-06 17:02:47'),(761,'Jalin','Conyers','TE','Texas Tech',6034,260,978,3328,'','',NULL,NULL,NULL,NULL,NULL,NULL,NULL,0,NULL,NULL,NULL,'2025-05-06 17:02:47','2025-05-06 17:02:47'),(762,'CJ','Dippre','TE','Alabama',6047,256,958,3200,'','',NULL,NULL,NULL,NULL,NULL,NULL,NULL,0,NULL,NULL,NULL,'2025-05-06 17:02:47','2025-05-06 17:02:47'),(763,'Mitchell','Evans','TE','Notre Dame',6053,258,948,3178,'','',NULL,NULL,NULL,NULL,NULL,NULL,NULL,0,NULL,NULL,NULL,'2025-05-06 17:02:47','2025-05-06 17:02:47'),(764,'Harold','Fannin Jr','TE','Bowling Green',6032,241,928,3228,'','',NULL,NULL,NULL,NULL,NULL,NULL,NULL,0,NULL,NULL,NULL,'2025-05-06 17:02:47','2025-05-06 17:02:47'),(765,'Thomas','Fidone II','TE','Nebraska',6050,243,1058,3400,'','',NULL,NULL,NULL,NULL,NULL,NULL,NULL,0,NULL,NULL,NULL,'2025-05-06 17:02:47','2025-05-06 17:02:47'),(766,'Oronde','Gadsden II','TE','Syracuse',6045,243,1000,3338,'','',NULL,NULL,NULL,NULL,NULL,NULL,NULL,0,NULL,NULL,NULL,'2025-05-06 17:02:47','2025-05-06 17:02:47'),(767,'Jackson','Hawes','TE','Georgia Tech',6044,253,918,3218,'','',NULL,NULL,NULL,NULL,NULL,NULL,NULL,0,NULL,NULL,NULL,'2025-05-06 17:02:47','2025-05-06 17:02:47'),(768,'Brant','Kuithe','TE','Utah',6020,236,1048,3158,'','',NULL,NULL,NULL,NULL,NULL,NULL,NULL,0,NULL,NULL,NULL,'2025-05-06 17:02:47','2025-05-06 17:02:47'),(769,'Luke','Lachey','TE','Iowa',6056,251,1000,3218,'','',NULL,NULL,NULL,NULL,NULL,NULL,NULL,0,NULL,NULL,NULL,'2025-05-06 17:02:47','2025-05-06 17:02:47'),(770,'Moliki','Matavao','TE','UCLA',6055,260,948,3248,'','',NULL,NULL,NULL,NULL,NULL,NULL,NULL,0,NULL,NULL,NULL,'2025-05-06 17:02:47','2025-05-06 17:02:47'),(771,'Bryson','Nesbit','TE','North Carolina',6050,238,968,3168,'','',NULL,NULL,NULL,NULL,NULL,NULL,NULL,0,NULL,NULL,NULL,'2025-05-06 17:02:47','2025-05-06 17:02:47'),(772,'Robbie','Ouzts','TE','Alabama',6030,274,968,3128,'','',NULL,NULL,NULL,NULL,NULL,NULL,NULL,0,NULL,NULL,NULL,'2025-05-06 17:02:47','2025-05-06 17:02:47'),(773,'Joshua','Simon','TE','South Carolina',6041,239,1018,3378,'','',NULL,NULL,NULL,NULL,NULL,NULL,NULL,0,NULL,NULL,NULL,'2025-05-06 17:02:47','2025-05-06 17:02:47'),(774,'Tommy','Akingbesote','DL','Maryland',6036,306,1000,3348,'Largo','MD',NULL,NULL,NULL,NULL,NULL,NULL,NULL,0,NULL,NULL,NULL,'2025-06-16 06:13:04','2025-06-16 06:13:04'),(775,'Tyler','Baron','DL','Miami',6045,258,1000,3318,'','',NULL,NULL,NULL,NULL,NULL,NULL,NULL,0,NULL,NULL,NULL,'2025-05-06 17:02:47','2025-05-06 17:02:47'),(776,'Tyler','Batty','DL','BYU',6055,271,938,3318,'','',NULL,NULL,NULL,NULL,NULL,NULL,NULL,0,NULL,NULL,NULL,'2025-05-06 17:02:47','2025-05-06 17:02:47'),(777,'Zeek','Biggers','DL','Georgia Tech',6054,321,1028,3478,'','',NULL,NULL,NULL,NULL,NULL,NULL,NULL,0,NULL,NULL,NULL,'2025-05-06 17:02:47','2025-05-06 17:02:47'),(778,'Yahya','Black','DL','Iowa',6056,336,1028,3500,'','',NULL,NULL,NULL,NULL,NULL,NULL,NULL,0,NULL,NULL,NULL,'2025-05-06 17:02:47','2025-05-06 17:02:47'),(779,'Warren','Brinson','DL','Georgia',6052,315,1038,3348,'','',NULL,NULL,NULL,NULL,NULL,NULL,NULL,0,NULL,NULL,NULL,'2025-05-06 17:02:47','2025-05-06 17:02:47'),(780,'Vernon','Broughton','DL','Texas',6050,311,928,3500,'','',NULL,NULL,NULL,NULL,NULL,NULL,NULL,0,NULL,NULL,NULL,'2025-05-06 17:02:47','2025-05-06 17:02:47'),(781,'Jamaree','Caldwell','DL','Oregon',6021,332,938,3200,'','',NULL,NULL,NULL,NULL,NULL,NULL,NULL,0,NULL,NULL,NULL,'2025-05-06 17:02:47','2025-05-06 17:02:47'),(782,'Howard','Cross III','DL','Notre Dame',6013,285,1048,3228,'','',NULL,NULL,NULL,NULL,NULL,NULL,NULL,0,NULL,NULL,NULL,'2025-05-06 17:02:47','2025-05-06 17:02:47'),(783,'Fadil','Diggs','DL','Syracuse',6043,257,1038,3338,'','',NULL,NULL,NULL,NULL,NULL,NULL,NULL,0,NULL,NULL,NULL,'2025-05-06 17:02:47','2025-05-06 17:02:47'),(784,'Ethan','Downs','DL','Oklahoma',6036,269,1048,3100,'','',NULL,NULL,NULL,NULL,NULL,NULL,NULL,0,NULL,NULL,NULL,'2025-05-06 17:02:47','2025-05-06 17:02:47'),(785,'Joshua','Farmer','DL','Florida State',6032,305,1048,3500,'','',NULL,NULL,NULL,NULL,NULL,NULL,NULL,0,NULL,NULL,NULL,'2025-05-06 17:02:47','2025-05-06 17:02:47'),(786,'Ashton','Gillotte','DL','Louisville',6025,264,848,3178,'','',NULL,NULL,NULL,NULL,NULL,NULL,NULL,0,NULL,NULL,NULL,'2025-05-06 17:02:47','2025-05-06 17:02:47'),(787,'Kenneth','Grant','DL','Michigan',6035,331,1028,3348,'','',NULL,NULL,NULL,NULL,NULL,NULL,NULL,0,NULL,NULL,NULL,'2025-05-06 17:02:47','2025-05-06 17:02:47'),(788,'Eric','Gregory','DL','Arkansas',6032,319,958,3300,'','',NULL,NULL,NULL,NULL,NULL,NULL,NULL,0,NULL,NULL,NULL,'2025-05-06 17:02:47','2025-05-06 17:02:47'),(789,'Ty','Hamilton','DL','Ohio State',6027,299,958,3238,'','',NULL,NULL,NULL,NULL,NULL,NULL,NULL,0,NULL,NULL,NULL,'2025-05-06 17:02:47','2025-05-06 17:02:47'),(790,'Jared','Harrison-Hunte','DL','SMU',6033,290,918,3300,'','',NULL,NULL,NULL,NULL,NULL,NULL,NULL,0,NULL,NULL,NULL,'2025-05-06 17:02:47','2025-05-06 17:02:47'),(791,'Ahmed','Hassanein','DL','Boise State',6023,267,900,3228,'','',NULL,NULL,NULL,NULL,NULL,NULL,NULL,0,NULL,NULL,NULL,'2025-05-06 17:02:47','2025-05-06 17:02:47'),(792,'Tonka','Hemingway','DL','South Carolina',6027,284,948,3300,'','',NULL,NULL,NULL,NULL,NULL,NULL,NULL,0,NULL,NULL,NULL,'2025-05-06 17:02:47','2025-05-06 17:02:47'),(793,'Cam','Horsley','DL','Boston College',6026,312,948,3300,'','',NULL,NULL,NULL,NULL,NULL,NULL,NULL,0,NULL,NULL,NULL,'2025-05-06 17:02:47','2025-05-06 17:02:47'),(794,'Tyrion','Ingram-Dawkins','DL','Georgia',6046,276,968,3348,'','',NULL,NULL,NULL,NULL,NULL,NULL,NULL,0,NULL,NULL,NULL,'2025-05-06 17:02:47','2025-05-06 17:02:47'),(795,'Jared','Ivey','DL','Mississippi',6057,274,918,3348,'','',NULL,NULL,NULL,NULL,NULL,NULL,NULL,0,NULL,NULL,NULL,'2025-05-06 17:02:47','2025-05-06 17:02:47'),(796,'Cam','Jackson','DL','Florida',6062,328,948,3418,'','',NULL,NULL,NULL,NULL,NULL,NULL,NULL,0,NULL,NULL,NULL,'2025-05-06 17:02:47','2025-05-06 17:02:47'),(797,'Sai\'vion','Jones','DL','LSU',6053,280,1000,3348,'','',NULL,NULL,NULL,NULL,NULL,NULL,NULL,0,NULL,NULL,NULL,'2025-05-06 17:02:47','2025-05-06 17:02:47'),(798,'Jah','Joyner','DL','Minnesota',6042,262,938,3400,'','',NULL,NULL,NULL,NULL,NULL,NULL,NULL,0,NULL,NULL,NULL,'2025-05-06 17:02:47','2025-05-06 17:02:47'),(799,'DeAndre','Jules','DL','South Carolina',6035,316,868,3258,'','',NULL,NULL,NULL,NULL,NULL,NULL,NULL,0,NULL,NULL,NULL,'2025-05-06 17:02:47','2025-05-06 17:02:47'),(800,'Kyle','Kennard','DL','South Carolina',6040,254,968,3400,'','',NULL,NULL,NULL,NULL,NULL,NULL,NULL,0,NULL,NULL,NULL,'2025-05-06 17:02:47','2025-05-06 17:02:47'),(801,'Steve','Linton','DL','Baylor',6036,242,900,3428,'','',NULL,NULL,NULL,NULL,NULL,NULL,NULL,0,NULL,NULL,NULL,'2025-05-06 17:02:47','2025-05-06 17:02:47'),(802,'Sean','Martin','DL','West Virginia',6054,293,1058,3500,'','',NULL,NULL,NULL,NULL,NULL,NULL,NULL,0,NULL,NULL,NULL,'2025-05-06 17:02:47','2025-05-06 17:02:47'),(803,'Rylie','Mills','DL','Notre Dame',6053,291,978,3258,'','',NULL,NULL,NULL,NULL,NULL,NULL,NULL,0,NULL,NULL,NULL,'2025-05-06 17:02:47','2025-05-06 17:02:47'),(804,'Walter','Nolen','DL','Mississippi',6036,296,948,3248,'','',NULL,NULL,NULL,NULL,NULL,NULL,NULL,0,NULL,NULL,NULL,'2025-05-06 17:02:47','2025-05-06 17:02:47'),(805,'Payton','Page','DL','Clemson',6032,290,1000,3138,'','',NULL,NULL,NULL,NULL,NULL,NULL,NULL,0,NULL,NULL,NULL,'2025-05-06 17:02:47','2025-05-06 17:02:47'),(806,'Aeneas','Peebles','DL','Virginia Tech',6004,282,958,3138,'','',NULL,NULL,NULL,NULL,NULL,NULL,NULL,0,NULL,NULL,NULL,'2025-05-06 17:02:47','2025-05-06 17:02:47'),(807,'JJ','Pegues','DL','Mississippi',6024,309,938,3248,'','',NULL,NULL,NULL,NULL,NULL,NULL,NULL,0,NULL,NULL,NULL,'2025-05-06 17:02:47','2025-05-06 17:02:47'),(808,'Antwaun','Powell-Ryland','DL','Virginia Tech',6025,258,958,3128,'','',NULL,NULL,NULL,NULL,NULL,NULL,NULL,0,NULL,NULL,NULL,'2025-05-06 17:02:47','2025-05-06 17:02:47'),(809,'Jahvaree','Ritzie','DL','North Carolina',6042,294,1028,3328,'','',NULL,NULL,NULL,NULL,NULL,NULL,NULL,0,NULL,NULL,NULL,'2025-05-06 17:02:47','2025-05-06 17:02:47'),(810,'Elijah','Roberts','DL','SMU',6035,285,1028,3358,'','',NULL,NULL,NULL,NULL,NULL,NULL,NULL,0,NULL,NULL,NULL,'2025-05-06 17:02:47','2025-05-06 17:02:47'),(811,'Que','Robinson','DL','Alabama',6042,243,958,3348,'','',NULL,NULL,NULL,NULL,NULL,NULL,NULL,0,NULL,NULL,NULL,'2025-05-06 17:02:47','2025-05-06 17:02:47'),(812,'Kaimon','Rucker','DL','North Carolina',6010,254,1000,3258,'','',NULL,NULL,NULL,NULL,NULL,NULL,NULL,0,NULL,NULL,NULL,'2025-05-06 17:02:47','2025-05-06 17:02:47'),(813,'T.J.','Sanders','DL','South Carolina',6037,297,1028,3318,'','',NULL,NULL,NULL,NULL,NULL,NULL,NULL,0,NULL,NULL,NULL,'2025-05-06 17:02:47','2025-05-06 17:02:47'),(814,'Elijah','Simmons','DL','Tennessee',6010,334,1028,3268,'','',NULL,NULL,NULL,NULL,NULL,NULL,NULL,0,NULL,NULL,NULL,'2025-05-06 17:02:47','2025-05-06 17:02:47'),(815,'Tim','Smith','DL','Alabama',6043,302,1038,3300,'','',NULL,NULL,NULL,NULL,NULL,NULL,NULL,0,NULL,NULL,NULL,'2025-05-06 17:02:47','2025-05-06 17:02:47'),(816,'Barryn','Sorrell','DL','Texas',6032,256,928,3228,'','',NULL,NULL,NULL,NULL,NULL,NULL,NULL,0,NULL,NULL,NULL,'2025-05-06 17:02:47','2025-05-06 17:02:47'),(817,'Nazir','Stackhouse','DL','Georgia',6036,327,1028,3248,'','',NULL,NULL,NULL,NULL,NULL,NULL,NULL,0,NULL,NULL,NULL,'2025-05-06 17:02:47','2025-05-06 17:02:47'),(818,'Junior','Tafuna','DL','Utah',6034,308,1048,3248,'','',NULL,NULL,NULL,NULL,NULL,NULL,NULL,0,NULL,NULL,NULL,'2025-05-06 17:02:47','2025-05-06 17:02:47'),(819,'Jay','Toia','DL','UCLA',6020,342,1000,3248,'','',NULL,NULL,NULL,NULL,NULL,NULL,NULL,0,NULL,NULL,NULL,'2025-05-06 17:02:47','2025-05-06 17:02:47'),(820,'JT','Tuimoloau','DL','Ohio State',6042,265,1048,3368,'','',NULL,NULL,NULL,NULL,NULL,NULL,NULL,0,NULL,NULL,NULL,'2025-05-06 17:02:47','2025-05-06 17:02:47'),(821,'Shemar','Turner','DL','Texas A&M',6031,290,1028,3358,'','',NULL,NULL,NULL,NULL,NULL,NULL,NULL,0,NULL,NULL,NULL,'2025-05-06 17:02:47','2025-05-06 17:02:47'),(822,'Princely','Umanmielen','DL','Mississippi',6043,244,958,3378,'','',NULL,NULL,NULL,NULL,NULL,NULL,NULL,0,NULL,NULL,NULL,'2025-05-06 17:02:47','2025-05-06 17:02:47'),(823,'David','Walker','DL','Central Arkansas',6007,263,928,3178,'','',NULL,NULL,NULL,NULL,NULL,NULL,NULL,0,NULL,NULL,NULL,'2025-05-06 17:02:47','2025-05-06 17:02:47'),(824,'CJ','West','DL','Indiana',6011,316,968,3148,'','',NULL,NULL,NULL,NULL,NULL,NULL,NULL,0,NULL,NULL,NULL,'2025-05-06 17:02:47','2025-05-06 17:02:47'),(825,'Eugene','Asante','LB','Auburn',6004,223,828,3028,'','',NULL,NULL,NULL,NULL,NULL,NULL,NULL,0,NULL,NULL,NULL,'2025-05-06 17:02:47','2025-05-06 17:02:47'),(826,'Jeffrey','Bassa','LB','Oregon',6011,232,928,3138,'','',NULL,NULL,NULL,NULL,NULL,NULL,NULL,0,NULL,NULL,NULL,'2025-05-06 17:02:47','2025-05-06 17:02:47'),(827,'Carson','Bruener','LB','Washington',6012,227,928,3168,'','',NULL,NULL,NULL,NULL,NULL,NULL,NULL,0,NULL,NULL,NULL,'2025-05-06 17:02:47','2025-05-06 17:02:47'),(828,'Teddye','Buchanan','LB','Cal',6021,233,938,3138,'','',NULL,NULL,NULL,NULL,NULL,NULL,NULL,0,NULL,NULL,NULL,'2025-05-06 17:02:47','2025-05-06 17:02:47'),(829,'Jihaad','Campbell','LB','Alabama',6027,235,1048,3218,'','',NULL,NULL,NULL,NULL,NULL,NULL,NULL,0,NULL,NULL,NULL,'2025-05-06 17:02:47','2025-05-06 17:02:47'),(830,'Barrett','Carter','LB','Clemson',6001,231,928,3218,'','',NULL,NULL,NULL,NULL,NULL,NULL,NULL,0,NULL,NULL,NULL,'2025-05-06 17:02:47','2025-05-06 17:02:47'),(831,'Jamon','Dumas-Johnson','LB','Kentucky',6006,238,948,3200,'','',NULL,NULL,NULL,NULL,NULL,NULL,NULL,0,NULL,NULL,NULL,'2025-05-06 17:02:47','2025-05-06 17:02:47'),(832,'Power','Echols','LB','North Carolina',5113,237,918,3058,'','',NULL,NULL,NULL,NULL,NULL,NULL,NULL,0,NULL,NULL,NULL,'2025-05-06 17:02:47','2025-05-06 17:02:47'),(833,'Jay','Higgins','LB','Iowa',6001,224,948,3100,'','',NULL,NULL,NULL,NULL,NULL,NULL,NULL,0,NULL,NULL,NULL,'2025-05-06 17:02:47','2025-05-06 17:02:47'),(834,'Shemar','James','LB','Florida',6013,222,848,3148,'','',NULL,NULL,NULL,NULL,NULL,NULL,NULL,0,NULL,NULL,NULL,'2025-05-06 17:02:47','2025-05-06 17:02:47'),(835,'Kobe','King','LB','Penn State',6006,236,948,3128,'','',NULL,NULL,NULL,NULL,NULL,NULL,NULL,0,NULL,NULL,NULL,'2025-05-06 17:02:47','2025-05-06 17:02:47'),(836,'Jack','Kiser','LB','Notre Dame',6015,231,900,3038,'','',NULL,NULL,NULL,NULL,NULL,NULL,NULL,0,NULL,NULL,NULL,'2025-05-06 17:02:47','2025-05-06 17:02:47'),(837,'Demetrius','Knight Jr','LB','South Carolina',6015,235,1000,3258,'','',NULL,NULL,NULL,NULL,NULL,NULL,NULL,0,NULL,NULL,NULL,'2025-05-06 17:02:47','2025-05-06 17:02:47'),(838,'Cody','Lindenberg','LB','Minnesota',6023,236,900,3268,'','',NULL,NULL,NULL,NULL,NULL,NULL,NULL,0,NULL,NULL,NULL,'2025-05-06 17:02:47','2025-05-06 17:02:47'),(839,'Nick','Martin','LB','Oklahoma State',5114,221,928,3168,'','',NULL,NULL,NULL,NULL,NULL,NULL,NULL,0,NULL,NULL,NULL,'2025-05-06 17:02:47','2025-05-06 17:02:47'),(840,'Bam','Martin-Scott','LB','South Carolina',6021,231,868,3200,'','',NULL,NULL,NULL,NULL,NULL,NULL,NULL,0,NULL,NULL,NULL,'2025-05-06 17:02:47','2025-05-06 17:02:47'),(841,'Francisco','Mauigoa','LB','Miami',6017,233,1028,3168,'','',NULL,NULL,NULL,NULL,NULL,NULL,NULL,0,NULL,NULL,NULL,'2025-05-06 17:02:47','2025-05-06 17:02:47'),(842,'Jalen','McLeod','LB','Auburn',6015,241,868,3200,'','',NULL,NULL,NULL,NULL,NULL,NULL,NULL,0,NULL,NULL,NULL,'2025-05-06 17:02:47','2025-05-06 17:02:47'),(843,'Kain','Medrano','LB','UCLA',6027,222,918,3200,'','',NULL,NULL,NULL,NULL,NULL,NULL,NULL,0,NULL,NULL,NULL,'2025-05-06 17:02:47','2025-05-06 17:02:47'),(844,'Collin','Oliver','LB','Oklahoma State',6016,240,948,3068,'','',NULL,NULL,NULL,NULL,NULL,NULL,NULL,0,NULL,NULL,NULL,'2025-05-06 17:02:47','2025-05-06 17:02:47'),(845,'Chris','Paul Jr.','LB','Mississippi',6007,222,938,2978,'','',NULL,NULL,NULL,NULL,NULL,NULL,NULL,0,NULL,NULL,NULL,'2025-05-06 17:02:47','2025-05-06 17:02:47'),(846,'Tyreem','Powell','LB','Rutgers',6044,239,900,3458,'','',NULL,NULL,NULL,NULL,NULL,NULL,NULL,0,NULL,NULL,NULL,'2025-05-06 17:02:47','2025-05-06 17:02:47'),(847,'Karene','Reid','LB','Utah',0,0,0,0,'','',NULL,NULL,NULL,NULL,NULL,NULL,NULL,0,NULL,NULL,NULL,'2025-05-06 17:02:47','2025-05-06 17:02:47'),(848,'Cody','Simon','LB','Ohio State',6017,229,968,3128,'','',NULL,NULL,NULL,NULL,NULL,NULL,NULL,0,NULL,NULL,NULL,'2025-05-06 17:02:47','2025-05-06 17:02:47'),(849,'Danny','Stutsman','LB','Oklahoma',6032,233,900,3218,'','',NULL,NULL,NULL,NULL,NULL,NULL,NULL,0,NULL,NULL,NULL,'2025-05-06 17:02:47','2025-05-06 17:02:47'),(850,'Jackson','Woodard','LB','UNLV',6020,234,900,3100,'','',NULL,NULL,NULL,NULL,NULL,NULL,NULL,0,NULL,NULL,NULL,'2025-05-06 17:02:47','2025-05-06 17:02:47'),(851,'BJ','Adams','DB','UCF',6016,182,868,3168,'','',NULL,NULL,NULL,NULL,NULL,NULL,NULL,0,NULL,NULL,NULL,'2025-05-06 17:02:47','2025-05-06 17:02:47'),(852,'Zy','Alexander','DB','LSU',6013,187,928,3100,'','',NULL,NULL,NULL,NULL,NULL,NULL,NULL,0,NULL,NULL,NULL,'2025-05-06 17:02:47','2025-05-06 17:02:47'),(853,'Trey','Amos','DB','Mississippi',6006,195,900,3128,'','',NULL,NULL,NULL,NULL,NULL,NULL,NULL,0,NULL,NULL,NULL,'2025-05-06 17:02:47','2025-05-06 17:02:47'),(854,'Billy','Bowman Jr.','DB','Oklahoma',5097,192,858,2848,'','',NULL,NULL,NULL,NULL,NULL,NULL,NULL,0,NULL,NULL,NULL,'2025-05-06 17:02:47','2025-05-06 17:02:47'),(855,'Cobee','Bryant','DB','Kansas',6000,180,928,3128,'','',NULL,NULL,NULL,NULL,NULL,NULL,NULL,0,NULL,NULL,NULL,'2025-05-06 17:02:47','2025-05-06 17:02:47'),(856,'Denzel','Burke','DB','Ohio State',5112,186,868,3138,'','',NULL,NULL,NULL,NULL,NULL,NULL,NULL,0,NULL,NULL,NULL,'2025-05-06 17:02:47','2025-05-06 17:02:47'),(857,'Sebastian','Castro','DB','Iowa',5112,203,1048,3068,'','',NULL,NULL,NULL,NULL,NULL,NULL,NULL,0,NULL,NULL,NULL,'2025-05-06 17:02:47','2025-05-06 17:02:47'),(858,'Alijah','Clark','DB','Syracuse',6006,188,948,3078,'','',NULL,NULL,NULL,NULL,NULL,NULL,NULL,0,NULL,NULL,NULL,'2025-05-06 17:02:47','2025-05-06 17:02:47'),(859,'Kitan','Crawford','DB','Nevada',5105,202,948,3100,'','',NULL,NULL,NULL,NULL,NULL,NULL,NULL,0,NULL,NULL,NULL,'2025-05-06 17:02:47','2025-05-06 17:02:47'),(860,'Mello','Dotson','DB','Kansas',6005,192,848,3148,'','',NULL,NULL,NULL,NULL,NULL,NULL,NULL,0,NULL,NULL,NULL,'2025-05-06 17:02:47','2025-05-06 17:02:47'),(861,'O\'Donnell','Fortune','DB','South Carolina',6006,185,928,3148,'','',NULL,NULL,NULL,NULL,NULL,NULL,NULL,0,NULL,NULL,NULL,'2025-05-06 17:02:47','2025-05-06 17:02:47'),(862,'Jordan','Hancock','DB','Ohio State',6001,195,858,3068,'','',NULL,NULL,NULL,NULL,NULL,NULL,NULL,0,NULL,NULL,NULL,'2025-05-06 17:02:47','2025-05-06 17:02:47'),(863,'Jermari','Harris','DB','Iowa',6004,191,968,3138,'','',NULL,NULL,NULL,NULL,NULL,NULL,NULL,0,NULL,NULL,NULL,'2025-05-06 17:02:47','2025-05-06 17:02:47'),(864,'Marcus','Harris','DB','Cal',5106,189,878,2968,'','',NULL,NULL,NULL,NULL,NULL,NULL,NULL,0,NULL,NULL,NULL,'2025-05-06 17:02:47','2025-05-06 17:02:47'),(865,'Tommi','Hill','DB','Nebraska',6004,213,900,3278,'','',NULL,NULL,NULL,NULL,NULL,NULL,NULL,0,NULL,NULL,NULL,'2025-05-06 17:02:47','2025-05-06 17:02:47'),(866,'Maxen','Hook','DB','Toledo',6004,202,918,3148,'','',NULL,NULL,NULL,NULL,NULL,NULL,NULL,0,NULL,NULL,NULL,'2025-05-06 17:02:47','2025-05-06 17:02:47'),(867,'Alijah','Huzzie','DB','North Carolina',5096,193,858,2958,'','',NULL,NULL,NULL,NULL,NULL,NULL,NULL,0,NULL,NULL,NULL,'2025-05-06 17:02:47','2025-05-06 17:02:47'),(868,'Bilhal','Kone','DB','',0,6012,190,900,'','',NULL,NULL,NULL,NULL,NULL,NULL,NULL,0,NULL,NULL,NULL,'2025-05-06 17:02:47','2025-05-06 17:02:47'),(869,'Rayuan','Lane III','DB','Navy',5107,200,968,3028,'','',NULL,NULL,NULL,NULL,NULL,NULL,NULL,0,NULL,NULL,NULL,'2025-05-06 17:02:47','2025-05-06 17:02:47'),(870,'Robert','Longerbeam','DB','Rutgers',5110,175,848,3148,'','',NULL,NULL,NULL,NULL,NULL,NULL,NULL,0,NULL,NULL,NULL,'2025-05-06 17:02:47','2025-05-06 17:02:47'),(871,'Jason','Marshall Jr.','DB','Florida',6003,194,928,3028,'','',NULL,NULL,NULL,NULL,NULL,NULL,NULL,0,NULL,NULL,NULL,'2025-05-06 17:02:47','2025-05-06 17:02:47'),(872,'Mac','McWilliams','DB','UCF',5102,191,838,2978,'','',NULL,NULL,NULL,NULL,NULL,NULL,NULL,0,NULL,NULL,NULL,'2025-05-06 17:02:47','2025-05-06 17:02:47'),(873,'R.J.','Mickens','DB','Clemson',6000,199,878,3228,'','',NULL,NULL,NULL,NULL,NULL,NULL,NULL,0,NULL,NULL,NULL,'2025-05-06 17:02:47','2025-05-06 17:02:47'),(874,'Malachi','Moore','DB','Alabama',5112,196,900,2958,'','',NULL,NULL,NULL,NULL,NULL,NULL,NULL,0,NULL,NULL,NULL,'2025-05-06 17:02:47','2025-05-06 17:02:47'),(875,'Jabbar','Muhammad','DB','Oregon',5091,182,900,2858,'','',NULL,NULL,NULL,NULL,NULL,NULL,NULL,0,NULL,NULL,NULL,'2025-05-06 17:02:47','2025-05-06 17:02:47'),(876,'Caleb','Ransaw','DB','Tulane',5113,197,968,3068,'','',NULL,NULL,NULL,NULL,NULL,NULL,NULL,0,NULL,NULL,NULL,'2025-05-06 17:02:47','2025-05-06 17:02:47'),(877,'Lathan','Ransom','DB','Ohio State',6002,206,848,3048,'','',NULL,NULL,NULL,NULL,NULL,NULL,NULL,0,NULL,NULL,NULL,'2025-05-06 17:02:47','2025-05-06 17:02:47'),(878,'Jaylen','Reed','DB','Penn State',5115,211,900,3038,'','',NULL,NULL,NULL,NULL,NULL,NULL,NULL,0,NULL,NULL,NULL,'2025-05-06 17:02:47','2025-05-06 17:02:47'),(879,'Quincy','Riley','DB','Louisville',5104,194,848,3100,'','',NULL,NULL,NULL,NULL,NULL,NULL,NULL,0,NULL,NULL,NULL,'2025-05-06 17:02:47','2025-05-06 17:02:47'),(880,'Jonas','Sanker','DB','Virginia',6003,206,968,3228,'','',NULL,NULL,NULL,NULL,NULL,NULL,NULL,0,NULL,NULL,NULL,'2025-05-06 17:02:47','2025-05-06 17:02:47'),(881,'Marques','Sigle','DB','Kansas State',5113,199,928,3068,'','',NULL,NULL,NULL,NULL,NULL,NULL,NULL,0,NULL,NULL,NULL,'2025-05-06 17:02:47','2025-05-06 17:02:47'),(882,'Jaylin','Smith','DB','USC',5104,187,928,2978,'','',NULL,NULL,NULL,NULL,NULL,NULL,NULL,0,NULL,NULL,NULL,'2025-05-06 17:02:47','2025-05-06 17:02:47'),(883,'Upton','Stout','DB','Western Kentucky',5084,181,900,3000,'','',NULL,NULL,NULL,NULL,NULL,NULL,NULL,0,NULL,NULL,NULL,'2025-05-06 17:02:47','2025-05-06 17:02:47'),(884,'Dorian','Strong','DB','Virginia Tech',6010,195,928,3078,'','',NULL,NULL,NULL,NULL,NULL,NULL,NULL,0,NULL,NULL,NULL,'2025-05-06 17:02:47','2025-05-06 17:02:47'),(885,'Azareye\'h','Thomas','DB','Florida State',6014,197,1000,3238,'','',NULL,NULL,NULL,NULL,NULL,NULL,NULL,0,NULL,NULL,NULL,'2025-05-06 17:02:47','2025-05-06 17:02:47'),(886,'Dante','Trader Jr.','DB','Maryland',5107,196,878,3128,'','',NULL,NULL,NULL,NULL,NULL,NULL,NULL,0,NULL,NULL,NULL,'2025-05-06 17:02:47','2025-05-06 17:02:47'),(887,'Malik','Verdon','DB','Iowa State',6035,218,948,3228,'','',NULL,NULL,NULL,NULL,NULL,NULL,NULL,0,NULL,NULL,NULL,'2025-05-06 17:02:47','2025-05-06 17:02:47'),(888,'Justin','Walley','DB','Minnesota',5101,190,1000,3068,'','',NULL,NULL,NULL,NULL,NULL,NULL,NULL,0,NULL,NULL,NULL,'2025-05-06 17:02:47','2025-05-06 17:02:47'),(889,'Isas','Waxter','DB','Villanova',6012,209,948,3168,'','',NULL,NULL,NULL,NULL,NULL,NULL,NULL,0,NULL,NULL,NULL,'2025-05-06 17:02:47','2025-05-06 17:02:47'),(890,'Nohl','Williams','DB','Cal',6003,199,900,3068,'','',NULL,NULL,NULL,NULL,NULL,NULL,NULL,0,NULL,NULL,NULL,'2025-05-06 17:02:47','2025-05-06 17:02:47'),(891,'Kevin','Winston Jr.','DB','Penn State',6014,215,948,3248,'','',NULL,NULL,NULL,NULL,NULL,NULL,NULL,0,NULL,NULL,NULL,'2025-05-06 17:02:47','2025-05-06 17:02:47'),(892,'Hunter','Wohler','DB','Wisconsin',6020,213,928,3058,'','',NULL,NULL,NULL,NULL,NULL,NULL,NULL,0,NULL,NULL,NULL,'2025-05-06 17:02:47','2025-05-06 17:02:47'),(893,'Craig','Woodson','DB','Cal',6001,200,868,3048,'','',NULL,NULL,NULL,NULL,NULL,NULL,NULL,0,NULL,NULL,NULL,'2025-05-06 17:02:47','2025-05-06 17:02:47'),(894,'Andres','Borregales','SP','Miami',5110,199,828,2878,'','',NULL,NULL,NULL,NULL,NULL,NULL,NULL,0,NULL,NULL,NULL,'2025-05-06 17:02:47','2025-05-06 17:02:47'),(895,'James','Burnip','SP','Alabama',6060,235,858,3178,'','',NULL,NULL,NULL,NULL,NULL,NULL,NULL,0,NULL,NULL,NULL,'2025-05-06 17:02:47','2025-05-06 17:02:47'),(896,'Jeremy','Crawshaw','SP','Florida',6040,198,918,3300,'','',NULL,NULL,NULL,NULL,NULL,NULL,NULL,0,NULL,NULL,NULL,'2025-05-06 17:02:47','2025-05-06 17:02:47'),(897,'Ryan','Fitzgerald','SP','Florida State',5110,193,818,3000,'','',NULL,NULL,NULL,NULL,NULL,NULL,NULL,0,NULL,NULL,NULL,'2025-05-06 17:02:47','2025-05-06 17:02:47'),(898,'Tyler','Loop','SP','Arizona',5110,191,858,2838,'','',NULL,NULL,NULL,NULL,NULL,NULL,NULL,0,NULL,NULL,NULL,'2025-05-06 17:02:47','2025-05-06 17:02:47'),(899,'Ben','Sauls','SP','Pittsburgh',5100,182,958,2900,'','',NULL,NULL,NULL,NULL,NULL,NULL,NULL,0,NULL,NULL,NULL,'2025-05-06 17:02:47','2025-05-06 17:02:47');
/*!40000 ALTER TABLE `Prospect` ENABLE KEYS */;
UNLOCK TABLES;

--
-- Table structure for table `Schedule`
--

DROP TABLE IF EXISTS `Schedule`;
/*!40101 SET @saved_cs_client     = @@character_set_client */;
/*!50503 SET character_set_client = utf8mb4 */;
CREATE TABLE `Schedule` (
  `id` int NOT NULL AUTO_INCREMENT,
  `teamId` int DEFAULT NULL,
  `seasonYear` year DEFAULT NULL,
  `oppTeamId` int NOT NULL,
  `oppTeamConference` varchar(45) DEFAULT NULL,
  `oppTeamDivision` varchar(45) DEFAULT NULL,
  `scheduleWeek` int DEFAULT NULL,
  `gameDate` date DEFAULT NULL,
  `gameCity` varchar(45) DEFAULT NULL,
  `gameStateProvince` varchar(45) DEFAULT NULL,
  `gameCountry` varchar(45) DEFAULT NULL,
  `gameLocation` varchar(75) DEFAULT NULL,
  `wonLostFlag` varchar(1) DEFAULT NULL,
  `homeOrAway` varchar(1) DEFAULT NULL,
  `oppTeamScore` int DEFAULT NULL,
  `teamScore` int DEFAULT NULL,
  PRIMARY KEY (`id`),
  KEY `fk_Schedule_1_idx` (`oppTeamId`),
  KEY `fk_Schedule_Team_idx` (`teamId`),
  CONSTRAINT `fk_Schedule_Team` FOREIGN KEY (`teamId`) REFERENCES `Team` (`id`),
  CONSTRAINT `fk_Schedule_Visitor` FOREIGN KEY (`oppTeamId`) REFERENCES `Team` (`id`)
) ENGINE=InnoDB DEFAULT CHARSET=utf8mb4 COLLATE=utf8mb4_0900_ai_ci;
/*!40101 SET character_set_client = @saved_cs_client */;

--
-- Dumping data for table `Schedule`
--

LOCK TABLES `Schedule` WRITE;
/*!40000 ALTER TABLE `Schedule` DISABLE KEYS */;
/*!40000 ALTER TABLE `Schedule` ENABLE KEYS */;
UNLOCK TABLES;

--
-- Table structure for table `Team`
--

DROP TABLE IF EXISTS `Team`;
/*!40101 SET @saved_cs_client     = @@character_set_client */;
/*!50503 SET character_set_client = utf8mb4 */;
CREATE TABLE `Team` (
  `id` int NOT NULL AUTO_INCREMENT,
  `name` varchar(45) NOT NULL,
  `city` varchar(45) DEFAULT NULL,
  `state` varchar(45) DEFAULT NULL,
  `conference` varchar(35) DEFAULT NULL,
  `division` varchar(20) DEFAULT NULL,
  `stadium` varchar(45) DEFAULT NULL,
  `scheduleId` int DEFAULT NULL,
  PRIMARY KEY (`id`),
  UNIQUE KEY `uq_team_name` (`name`)
) ENGINE=InnoDB AUTO_INCREMENT=97 DEFAULT CHARSET=utf8mb4 COLLATE=utf8mb4_0900_ai_ci;
/*!40101 SET character_set_client = @saved_cs_client */;

--
-- Dumping data for table `Team`
--

LOCK TABLES `Team` WRITE;
/*!40000 ALTER TABLE `Team` DISABLE KEYS */;
INSERT INTO `Team` VALUES (61,'Arizona Cardinals','Tempe','AZ','NFC','West','State Farm Stadium',0),(62,'Atlanta Falcons','Atlanta','GA','NFC','South','Mercedes-Benz Stadium',0),(63,'Baltimore Ravens','Baltimore','MD','AFC','AFC North','M&T Bank Stadium',NULL),(65,'Buffalo Bills','Orchard Park','NY','AFC','AFC East','Highmark Stadium',NULL),(66,'Carolina Panthers','Charlotte','SC','NFC','NFC South','Bank Of America Stadium',NULL),(67,'Chicago Bears','Chicago','IL','NFC','NFC North','Soldier Field',NULL),(68,'Cincinnati Bengals','Cincinnati','OH','AFC','AFC North','Paycor Stadium',NULL),(69,'Cleveland Browns','Cleveland','OH','AFC','AFC North','Cleveland Browns Stadium',NULL),(70,'Dallas Cowboys','Dallas','TX','NFC','NFC East','AT&T Stadium',NULL),(71,'Detroit Lions','Detroit','MI','NFC','NFC North','Ford Field Stadium',NULL),(72,'Denver Broncos','Denver','CO','AFC','AFC West','Empower Field at Mile High',NULL),(73,'Green Bay Packers','Green Bay','WI','NFC','NFC North','Lambeau Field Stadium',NULL),(75,'Indianapolis Colts','Indianapolis','IN','AFC','AFC South','Locus Oil Stadium',NULL),(76,'Jacksonville Jaguars','Jacksonville','FL','AFC','AFC South','TIAA Bank Field Stadium',NULL),(77,'Los Angeles Rams','Inglewood','CA','NFC','NFC West','Sofi Stadium',NULL),(78,'Kansas City Chiefs','Kansas City','MO','AFC','AFC West','GEHA Field at Arrowhead Stadium',NULL),(79,'Las Vegas Raiders','Las Vages','NV','AFC','AFC West','Allegiant Stadium',NULL),(80,'Minnesota Vikings','Minneapolis','MN','NFC','NFC North','U.S. Bank Stadium',NULL),(82,'New York Giants','East Rutherford','NY','NFC','NFC East','Metlife Stadium',NULL),(83,'New York Jets','East Rutherford','NJ','AFC','AFC East','Lincoln Financial Field',NULL),(84,'Philadelphia Eagles','Philedelphia','PA','NFC','NFC East','Lincoln Financial Field',NULL),(85,'Pittsburgh Steelers','Pittsburgh','PA','AFC','AFC North','Acrisure Stadium',NULL),(86,'San Francisco 49ers','Santa Clara','CA','NFC','NFC West','Levi\'s Stadium',NULL),(87,'Seattle Seahawks','Seattle','WA','NFC','NFC West','Lumen Field',NULL),(88,'Tampa Bay Buccaneers','Tampa','FL','NFC','NFC South','Raymond James Stadium',NULL),(89,'Tennessee Titans','Nashville','TN','AFC','AFC South','Nissan Stadium',NULL),(90,'Washington Commanders','Landover','MD','NFC','NFC East','FedExField',NULL),(92,'New Orleans Saints','New Orleans','LA','NFC','South','Caesars Superdome',1),(93,'Houston Texans','Houston','TX','AFC','South','NRG Stadium',NULL),(94,'Miami Dolphins','Miami Gardens','FL','AFC','East','Hard Rock Stadium',NULL),(95,'New England Patriots','Foxborough','MA','AFC','East','Gillette Stadium',NULL),(96,'Los Angeles Chargers','Los Angeles','CA','AFC','West','SoFi Stadium',NULL);
/*!40000 ALTER TABLE `Team` ENABLE KEYS */;
UNLOCK TABLES;

--
-- Table structure for table `TeamNeed`
--

DROP TABLE IF EXISTS `TeamNeed`;
/*!40101 SET @saved_cs_client     = @@character_set_client */;
/*!50503 SET character_set_client = utf8mb4 */;
CREATE TABLE `TeamNeed` (
  `id` int NOT NULL AUTO_INCREMENT,
  `teamId` int NOT NULL,
  `position` varchar(10) NOT NULL,
  `priority` int NOT NULL DEFAULT '1',
  `createdAt` timestamp NULL DEFAULT CURRENT_TIMESTAMP,
  `updatedAt` timestamp NULL DEFAULT CURRENT_TIMESTAMP ON UPDATE CURRENT_TIMESTAMP,
  `draftYear` year DEFAULT NULL,
  PRIMARY KEY (`id`),
  UNIQUE KEY `unique_team_position` (`teamId`,`position`),
  KEY `fk_TeamNeed_Team_idx` (`teamId`),
  CONSTRAINT `fk_TeamNeed_Team` FOREIGN KEY (`teamId`) REFERENCES `Team` (`id`) ON DELETE CASCADE ON UPDATE CASCADE
) ENGINE=InnoDB DEFAULT CHARSET=utf8mb4 COLLATE=utf8mb4_0900_ai_ci;
/*!40101 SET character_set_client = @saved_cs_client */;

--
-- Dumping data for table `TeamNeed`
--

LOCK TABLES `TeamNeed` WRITE;
/*!40000 ALTER TABLE `TeamNeed` DISABLE KEYS */;
/*!40000 ALTER TABLE `TeamNeed` ENABLE KEYS */;
UNLOCK TABLES;

--
-- Dumping routines for database 'MyNFL'
--
/*!40103 SET TIME_ZONE=@OLD_TIME_ZONE */;

/*!40101 SET SQL_MODE=@OLD_SQL_MODE */;
/*!40014 SET FOREIGN_KEY_CHECKS=@OLD_FOREIGN_KEY_CHECKS */;
/*!40014 SET UNIQUE_CHECKS=@OLD_UNIQUE_CHECKS */;
/*!40101 SET CHARACTER_SET_CLIENT=@OLD_CHARACTER_SET_CLIENT */;
/*!40101 SET CHARACTER_SET_RESULTS=@OLD_CHARACTER_SET_RESULTS */;
/*!40101 SET COLLATION_CONNECTION=@OLD_COLLATION_CONNECTION */;
/*!40111 SET SQL_NOTES=@OLD_SQL_NOTES */;

-- Dump completed on 2025-09-28 16:21:53
